,date,USA_high,USA_low,CAN_high,CAN_low,Travel_high,Travel_low,RealEstate_high,RealEstate_low,PreciousMetals_high,PreciousMetals_low
0,2022-12-05,404.93,398.17,31.26,30.87,61.565,61.09,27.81,27.72,17.79,17.45
1,2022-12-02,410.0,393.3,31.55,30.81,62.11,59.8,28.06,27.2,18.02,16.47
2,2022-11-25,402.93,392.66,31.31,30.31,62.15,59.1,27.72,27.27,17.25,16.18
3,2022-11-18,402.31,390.14,30.98,30.46,63.32,61.24,27.34,26.77,16.92,16.05
4,2022-11-11,399.35,373.61,30.99,29.75,63.48,60.95,27.64,25.92,16.93,14.91
5,2022-11-04,390.39,368.79,30.31,29.36,62.69,60.6,26.74,25.9,15.37,13.91
6,2022-10-28,389.52,373.11,29.97,28.86,61.93,57.83,26.5,25.23,15.59,14.77
7,2022-10-21,375.45,357.2808,29.01,28.43,58.78,56.65,26.04,25.0,15.06,14.34
8,2022-10-14,370.26,348.11,28.77,27.37,59.15,55.56,25.42,25.0,15.39,14.31
9,2022-10-07,379.46,359.21,29.7,28.34,58.36,55.25,27.08,25.39,16.1,15.29
10,2022-09-30,372.3,357.04,28.71,28.02,56.9,54.38,26.55,25.75,15.41,13.66
11,2022-09-23,389.31,363.29,29.9,28.21,59.055,54.115,28.22,26.79,14.86,13.84
12,2022-09-16,411.73,382.11,30.57,29.46,60.47,58.09,29.25,28.05,15.1,14.04
13,2022-09-09,407.51,388.42,30.22,28.95,60.04,57.41,29.27,28.58,14.83,13.98
14,2022-09-02,405.84,390.04,30.26,28.94,59.98,55.69,29.2,28.69,14.69,13.69
15,2022-08-26,419.96,405.25,30.84,30.23,59.62,56.95,30.15,29.43,15.28,14.49
16,2022-08-19,431.73,421.22,31.2,30.71,60.66,58.85,30.87,30.33,15.39,14.74
17,2022-08-12,427.21,410.22,30.91,29.9,59.53,55.67,30.59,29.77,15.58,15.08
18,2022-08-05,415.68,406.82,30.1,29.8,58.5,56.22,30.22,29.69,15.36,14.42
19,2022-07-29,413.03,389.95,30.2,29.02,57.66,53.09,30.33,29.09,15.08,14.01
20,2022-07-22,400.18,380.66,29.31,28.45,53.89,51.36,29.06,28.3,15.67,14.78
21,2022-07-15,386.87,371.04,29.18,27.98,53.47,51.2,28.64,28.15,16.43,15.14
22,2022-07-08,390.64,372.9,29.41,28.54,53.28,50.21,29.0,28.36,16.93,15.86
23,2022-06-17,383.9,362.17,30.36,28.79,54.65,51.63,28.13,27.3,18.74,17.52
24,2022-06-10,416.609,389.75,31.9,30.75,58.28,54.49,29.84,28.64,19.2,17.92
25,2022-06-03,417.44,406.93,32.06,31.44,58.75,57.02,30.98,29.77,19.29,18.33
26,2022-05-27,415.3801,386.96,31.68,30.74,57.27,54.84,30.88,29.84,19.44,18.86
27,2022-05-20,408.57,380.54,31.51,30.55,59.405,53.42,30.09,29.25,18.97,18.02
28,2022-05-06,429.66,405.02,32.52,31.35,59.6,54.57,32.02,30.61,21.3,19.97
29,2022-04-29,429.64,411.21,32.5,31.6,58.7,55.69,33.37,32.05,21.1,20.34
30,2022-04-22,450.01,425.44,33.77,32.45,58.44,56.2,33.63,32.71,23.8,21.17
31,2022-04-14,445.75,436.6501,33.62,33.24,58.25,56.36,33.18,32.86,23.37,22.54
32,2022-04-08,457.83,443.47,34.0,33.17,57.98,55.53,33.39,32.82,22.87,21.8
33,2022-04-01,462.07,449.14,33.89,33.36,56.92,54.12,33.33,32.03,22.63,20.88
34,2022-03-25,452.98,440.68,33.87,33.39,54.38,51.9,32.44,31.83,22.47,21.46
35,2022-03-18,444.86,415.79,33.42,32.12,53.26,47.775,32.5,31.83,22.06,20.91
36,2022-03-11,432.3018,415.12,33.03,32.38,49.575,45.23,32.44,31.67,23.43,21.29
37,2022-03-04,441.11,427.11,32.75,31.83,50.95,46.84,32.11,31.25,21.69,19.57
38,2022-02-25,437.84,410.64,32.27,31.02,51.24,47.58,32.0,30.83,20.97,19.38
39,2022-02-18,448.055,431.82,33.05,32.25,53.83,49.61,32.1,31.7,20.24,18.47
40,2022-02-11,457.88,438.94,33.48,32.58,55.42,52.58,32.65,31.84,18.92,17.6
41,2022-02-04,458.12,439.81,32.97,31.83,54.3,49.32,33.05,32.49,17.95,17.2
42,2022-01-28,444.04,420.76,32.21,30.65,51.02,47.49,32.66,31.71,18.17,16.87
43,2022-01-21,459.96,437.95,33.18,31.57,51.98,48.45,33.35,32.13,18.64,17.21
44,2022-01-14,473.2,456.5973,32.99,31.98,52.11,49.67,33.46,32.86,17.84,17.03
45,2022-01-07,479.98,464.65,32.98,32.17,53.29,50.14,35.15,33.73,18.3,16.96
46,2021-12-17,472.87,458.06,32.19,31.54,50.87,47.01,34.7,33.85,18.18,16.68
47,2021-12-10,470.9,453.56,32.38,31.51,52.89,48.04,33.93,33.64,17.73,17.03
48,2021-12-03,466.56,448.92,32.49,31.21,48.6,45.75,33.73,32.82,18.56,17.07
49,2021-11-26,473.54,457.77,33.0,32.11,51.6,46.84,34.19,33.3,18.63,17.82
50,2021-11-19,470.94,466.23,33.24,32.9,52.65,50.42,33.76,33.21,19.38,18.68
51,2021-11-12,470.23,462.04,33.18,32.6,50.8,49.13,33.35,32.94,19.3,17.69
52,2021-11-05,470.65,458.2,32.72,32.11,50.33,47.0,33.22,32.32,17.8,16.88
53,2021-10-29,459.56,452.39,32.35,31.83,49.47,46.75,32.89,32.56,18.2,17.1
54,2021-10-22,454.67,443.27,32.27,31.64,49.33,47.51,32.6,31.8,18.32,17.39
55,2021-10-15,446.26,431.54,31.82,30.94,48.44,46.75,32.03,31.11,17.83,16.7
56,2021-10-08,441.68,426.36,31.13,30.28,48.59,47.35,31.89,31.05,17.25,16.14
57,2021-10-01,444.05,427.23,30.99,30.23,49.28,47.75,32.34,31.36,16.89,16.19
58,2021-09-24,444.89,428.86,30.96,30.13,49.79,48.2,33.32,32.25,17.56,16.57
59,2021-09-17,448.92,441.02,31.35,30.82,50.95,48.7,33.3,33.02,18.15,16.98
60,2021-09-10,452.81,445.31,31.52,31.1,50.94,50.01,34.01,33.14,18.36,17.64
61,2021-09-03,454.05,450.71,31.42,30.98,52.28,50.15,34.11,33.19,18.5,17.84
62,2021-08-27,450.65,443.4355,31.33,30.95,52.64,50.82,33.7,32.89,18.25,17.52
63,2021-08-20,447.11,436.12,31.21,30.68,52.47,51.2,33.87,32.99,18.27,17.46
64,2021-08-13,445.94,441.31,31.32,31.02,52.0,50.51,33.08,32.49,18.32,17.65
65,2021-08-06,442.94,436.1,31.21,30.79,52.54,50.6,33.25,32.87,19.83,18.21
66,2021-07-30,441.8,435.99,30.91,30.48,50.97,49.26,33.07,32.6,19.4,18.31
67,2021-07-23,440.3,421.97,30.75,29.83,49.96,48.24,33.2,32.61,19.0,18.22
68,2021-07-16,437.92,430.92,30.86,30.38,50.47,46.85,33.04,32.34,19.28,18.44
69,2021-07-09,435.84,427.52,30.89,30.28,47.27,45.28,32.48,31.26,19.04,18.37
70,2021-07-02,434.1,425.89,30.82,30.43,47.25,43.84,31.64,31.2,18.7,18.0
71,2021-06-25,427.0943,415.93,30.66,30.34,45.1,43.27,31.92,31.27,19.0,18.33
72,2021-06-18,425.46,414.7,30.69,30.22,45.78,44.7,31.76,31.53,20.4,18.64
73,2021-06-11,424.63,420.32,30.35,30.07,45.51,44.5,31.73,30.87,21.09,20.2
74,2021-06-04,422.92,416.28,30.25,29.68,45.13,43.67,30.78,29.76,21.01,20.22
75,2021-05-28,421.25,417.08,30.05,29.51,44.93,43.51,30.13,29.68,21.24,20.62
76,2021-05-21,418.2,405.33,29.74,29.17,44.96,43.16,29.42,29.02,21.4,20.25
77,2021-05-14,422.74,404.0,29.5,28.88,43.45,41.7,29.82,28.52,20.23,19.35
78,2021-05-07,422.815,411.67,29.45,28.74,42.25,41.05,30.21,29.29,20.0,18.76
79,2021-04-30,420.72,416.3,29.33,28.76,42.61,41.25,30.3,29.76,19.68,18.41
80,2021-04-23,418.25,410.59,29.2,28.58,42.65,41.66,30.6,29.98,20.29,19.4
81,2021-04-16,417.91,410.2,29.21,28.9,42.26,41.32,30.15,29.29,19.7,18.58
82,2021-04-09,411.67,403.38,28.98,28.68,42.34,40.6,29.7,29.15,19.02,18.4
83,2021-04-01,400.67,392.81,28.63,28.1,41.45,39.77,29.22,28.75,18.51,17.53
84,2021-03-26,396.41,383.9,28.35,27.9,40.98,39.58,29.11,28.35,18.51,17.52
85,2021-03-19,398.12,387.15,28.61,28.18,42.38,39.77,28.8,28.44,18.7,18.01
86,2021-03-12,395.65,381.42,28.35,27.6,42.25,40.42,28.46,27.75,18.08,17.21
87,2021-03-05,390.92,371.88,27.68,26.97,40.71,38.6,28.33,27.32,17.56,16.69
88,2021-02-26,392.23,378.23,27.81,26.88,38.75,37.6,28.61,28.09,18.28,16.76
89,2021-02-19,394.17,387.74,27.92,27.44,40.0,38.09,28.6,28.15,18.91,17.46
90,2021-02-12,392.9,387.5,27.78,27.32,40.35,38.91,28.62,28.2,19.56,18.72
91,2021-02-05,388.47,370.376,27.21,26.18,41.37,39.42,28.37,27.62,19.8,18.39
92,2021-01-29,385.85,368.27,26.89,25.92,39.95,38.64,28.02,27.33,19.66,18.49
93,2021-01-22,384.95,376.75,27.09,26.69,40.81,38.07,27.77,27.26,19.81,18.96
94,2021-01-15,381.13,373.7,27.12,26.79,42.9,36.9,27.55,26.79,20.05,19.12
95,2021-01-08,381.49,364.82,27.12,26.06,44.5,42.65,27.97,27.04,21.33,19.74
96,2020-12-31,374.66,370.83,26.5,26.07,45.08,43.5,28.11,27.43,20.14,19.64
97,2020-12-24,378.46,362.03,26.49,25.95,45.87,44.26,27.79,27.3,20.47,19.67
98,2020-12-18,372.46,364.47,26.53,26.08,45.57,44.28,28.1,27.3,20.69,19.0
99,2020-12-11,371.05,363.26,26.5,26.11,45.19,43.92,28.18,27.38,20.46,19.4
100,2020-12-04,369.85,359.17,26.24,25.72,44.97,43.02,28.19,27.82,20.21,18.86
101,2020-11-27,364.18,354.865,26.14,25.79,45.65,43.0,28.51,28.11,20.01,18.76
102,2020-11-20,362.78,354.15,25.8,25.27,45.79,43.29,28.9,28.27,21.49,19.89
103,2020-11-13,364.38,350.51,25.43,24.78,46.7,44.97,28.69,27.5,22.18,20.83
104,2020-11-06,352.19,327.24,24.61,23.44,46.2,41.21,26.97,25.99,23.75,21.81
105,2020-10-30,342.98,322.6,24.45,23.26,43.21,40.47,26.61,25.65,22.35,21.02
106,2020-10-23,349.33,340.65,24.89,24.32,44.81,43.01,26.88,26.53,22.95,21.9
107,2020-10-16,354.02,343.13,25.06,24.61,45.55,44.32,27.43,26.9,23.48,22.43
108,2020-10-09,347.35,334.38,25.14,24.52,46.74,45.32,27.8,27.39,23.13,21.87
109,2020-10-02,338.74,331.19,24.7,24.18,47.26,45.53,27.6,26.81,23.11,22.26
110,2020-09-25,331.2,319.8,24.51,23.78,47.5,44.05,27.07,26.3,23.39,21.54
111,2020-09-18,343.06,327.97,24.91,24.25,46.94,43.01,28.22,27.38,24.88,23.53
112,2020-09-11,342.64,331.0,24.83,24.1,46.93,44.09,27.55,27.07,24.63,22.57
113,2020-09-04,358.75,334.87,25.3,24.29,46.7,42.5,27.76,27.0,24.44,22.62
114,2020-08-28,350.72,339.4504,25.44,24.96,45.97,43.8,27.55,27.2,24.06,22.69
115,2020-08-21,339.72,335.22,25.35,25.02,46.0,45.06,27.42,26.95,25.09,23.25
116,2020-08-14,338.28,332.01,25.35,24.97,46.5,44.75,27.99,27.23,25.24,22.27
117,2020-08-07,334.88,327.73,25.13,24.56,46.87,45.14,27.71,27.18,26.0,24.32
118,2020-07-31,326.63,319.64,24.74,24.27,47.57,45.8,27.44,26.5,25.57,23.68
119,2020-07-24,327.23,319.246,24.76,24.15,46.84,45.29,27.02,26.52,24.15,23.05
120,2020-07-17,323.04,312.0,24.53,23.69,46.75,45.02,27.29,26.82,22.9,21.59
121,2020-07-10,317.88,310.68,23.99,23.35,45.9,43.26,27.96,26.67,22.85,21.29
122,2020-06-26,314.5,299.42,23.79,22.97,43.5,41.63,27.66,26.65,21.0,20.15
123,2020-06-19,315.64,296.74,23.83,22.72,44.7,41.15,28.73,27.54,20.01,18.59
124,2020-06-12,323.41,298.6,24.21,22.8,43.75,41.0,29.17,27.23,20.65,18.67
125,2020-06-05,321.27,303.06,24.09,23.0,44.89,41.74,29.0,27.2,20.79,18.14
126,2020-05-29,306.84,295.46,23.34,22.73,43.49,41.6,27.32,26.42,22.14,19.52
127,2020-05-22,297.87,291.95,23.07,22.47,42.92,39.42,26.24,25.66,23.1,21.35
128,2020-05-15,294.24,272.99,23.32,21.85,41.72,39.49,27.25,25.03,23.2,21.15
129,2020-05-08,292.95,279.13,23.03,22.21,41.06,39.35,27.07,26.41,22.45,21.26
130,2020-05-01,294.88,281.52,23.32,22.05,41.98,38.27,27.78,26.76,21.83,19.99
131,2020-04-24,286.79,272.02,22.24,21.34,41.25,39.27,27.4,26.35,22.07,19.03
132,2020-04-17,287.3,271.41,22.06,21.25,40.61,35.25,28.09,26.87,20.0,17.58
133,2020-04-09,281.2,248.17,21.96,20.55,37.39,33.32,28.39,24.74,18.08,16.16
134,2020-04-03,263.33,243.9,20.92,19.32,34.37,31.6,26.24,24.06,16.38,14.6
135,2020-03-27,262.8,218.26,21.11,17.23,35.7,30.57,26.15,22.24,16.94,13.5
136,2020-03-20,256.9,228.02,20.05,17.48,36.99,31.86,26.66,23.07,15.78,10.25
137,2020-03-13,288.52,247.68,22.9,18.73,44.31,33.43,30.88,26.84,17.02,11.62
138,2020-03-06,313.84,290.23,25.17,24.02,43.92,40.02,32.14,30.25,17.75,15.57
139,2020-02-28,333.56,285.54,26.31,23.86,44.29,39.78,33.12,29.64,18.43,14.88
140,2020-02-21,339.08,332.58,27.05,26.82,44.4,43.79,33.67,33.14,17.67,16.36
141,2020-02-14,338.12,331.19,26.95,26.55,46.25,43.75,33.76,32.84,16.39,16.04
142,2020-02-07,334.19,323.22,26.72,26.1,46.25,44.18,32.9,32.2,16.58,15.98
143,2020-01-31,328.63,320.73,26.46,26.0,45.25,43.6,32.54,32.1,16.88,15.97
144,2020-01-24,332.95,327.36,26.57,26.34,45.07,44.01,32.6,32.07,16.51,15.83
145,2020-01-17,332.18,325.92,26.39,25.81,44.66,42.73,32.33,31.55,16.11,15.42
146,2020-01-10,327.46,320.36,25.92,25.5,44.67,41.2,31.5,31.21,16.58,15.6
147,2020-01-03,324.89,320.15,25.73,25.48,42.3,40.75,31.78,31.13,16.62,16.12
148,2019-12-27,323.8,320.9,25.83,25.67,42.45,41.97,31.68,31.52,16.31,16.1
149,2019-12-20,321.97,317.25,25.76,25.5,43.48,41.49,31.65,31.0,15.69,15.25
150,2019-12-13,318.67,312.81,25.6,25.34,43.84,42.68,32.0,30.94,15.88,15.12
151,2019-12-06,315.31,307.13,25.63,25.17,43.99,42.49,32.0,31.46,15.83,15.08
152,2019-11-29,315.48,311.98,25.8,25.48,44.59,41.03,32.21,31.67,15.23,14.67
153,2019-11-22,312.69,309.06,25.79,25.61,42.18,41.11,32.13,31.52,15.45,14.89
154,2019-11-15,311.84,307.27,25.77,25.43,41.46,39.52,31.61,31.16,15.13,14.45
155,2019-11-08,309.65,306.06,25.52,25.14,40.86,38.54,32.15,31.43,15.35,14.48
156,2019-11-01,306.19,301.73,25.1,24.66,40.1,39.03,32.36,31.62,15.59,14.62
157,2019-10-25,302.2,298.5,24.9,24.61,40.0,39.05,32.44,31.9,15.45,14.33
158,2019-10-18,300.24,295.57,24.94,24.71,40.09,38.93,32.15,31.95,14.98,14.38
159,2019-10-11,298.74,288.49,24.95,24.49,41.24,39.24,32.44,31.9,15.65,14.69
160,2019-10-04,298.46,284.82,25.24,24.38,41.54,40.29,32.26,31.49,15.41,14.55
161,2019-09-27,299.84,293.69,25.45,25.08,84.54,80.43,32.1,31.54,16.12,14.98
162,2019-09-20,302.63,297.41,25.54,25.11,84.18,80.13,32.18,31.36,15.67,14.65
163,2019-09-13,302.46,295.97,25.23,24.7,87.8,83.34,31.84,31.12,15.66,14.68
164,2019-09-06,298.83,289.27,24.93,24.48,85.54,81.25,32.26,31.68,16.87,15.46
165,2019-08-30,294.24,285.25,24.69,24.09,84.28,79.87,31.9,31.57,16.98,16.11
166,2019-08-23,293.93,283.47,24.66,24.12,83.66,79.24,31.8,31.33,16.28,15.09
167,2019-08-16,294.15,282.39,24.69,24.06,83.59,81.65,31.5,30.82,15.97,14.99
168,2019-08-09,293.62,281.72,24.7,23.99,83.46,80.03,31.42,30.51,16.24,15.13
169,2019-08-02,302.01,290.9,24.95,24.36,83.53,80.48,31.2,30.86,14.98,13.78
170,2019-07-26,302.23,297.04,25.05,24.79,83.35,79.37,31.15,30.84,15.04,14.57
171,2019-07-19,301.13,296.7,24.94,24.75,83.1,79.17,31.32,30.98,14.99,13.91
172,2019-07-12,300.73,295.48,25.13,24.75,85.96,82.01,31.6,31.26,14.15,13.56
173,2019-07-05,298.82,294.33,25.01,24.7,85.5,81.48,31.55,30.86,13.89,13.27
174,2019-06-28,294.58,290.35,24.89,24.48,84.0,81.1,31.52,30.56,14.14,13.44
175,2019-06-21,296.31,289.18,24.98,24.53,88.7,82.7,32.43,31.5,13.63,12.74
176,2019-06-14,291.4,287.82,24.59,24.36,88.25,85.56,32.0,31.51,12.96,12.14
177,2019-06-07,288.85,273.09,24.52,24.0,86.99,81.86,31.82,31.39,12.65,12.04
178,2019-05-31,284.15,275.24,24.61,24.03,86.98,82.63,32.1,31.41,11.96,11.14
179,2019-05-24,286.93,280.57,24.88,24.34,85.57,83.55,31.81,31.65,11.45,11.11
180,2019-05-17,289.21,279.93,24.92,24.36,84.67,79.25,31.93,31.14,11.53,11.14
181,2019-05-10,293.31,282.3,25.01,24.4,81.45,78.59,31.37,30.95,11.54,11.07
182,2019-05-03,294.95,289.52,25.17,24.86,79.4,78.01,31.65,31.11,11.65,11.09
183,2019-04-26,293.49,289.07,25.2,24.95,80.0,78.63,31.4,30.56,11.71,11.36
184,2019-04-18,291.43,288.66,25.08,24.75,82.37,78.53,31.49,30.66,12.19,11.59
185,2019-04-12,290.47,286.7,24.82,24.48,82.09,79.8,31.7,31.35,12.48,12.03
186,2019-04-05,288.63,284.4,24.61,24.22,80.73,78.2,31.75,31.47,12.35,11.91
187,2019-03-29,282.84,277.64,24.34,23.98,79.07,72.84,31.94,31.47,12.8,12.22
188,2019-03-22,285.18,279.18,24.43,24.0,74.42,70.86,31.74,31.03,12.49,11.79
189,2019-03-15,282.38,275.23,24.26,23.99,75.81,73.85,31.3,30.7,12.5,11.99
190,2019-03-08,281.87,272.42,24.17,23.8,76.99,75.1,30.75,30.16,12.23,11.63
191,2019-03-01,281.31,277.48,24.12,23.88,77.5,72.51,30.25,29.95,12.35,11.79
192,2019-02-22,279.36,276.35,24.17,23.83,74.88,72.73,30.4,29.99,12.6,12.07
193,2019-02-15,277.41,270.03,23.9,23.38,74.75,72.37,30.36,29.84,12.06,11.66
194,2019-02-08,273.44,267.83,23.71,23.37,74.2,71.34,30.13,29.5,12.1,11.71
195,2019-02-01,271.2,261.79,23.48,23.01,71.9,70.0,29.93,29.12,12.0,11.4
196,2019-01-25,266.7,260.66,23.23,22.89,72.99,70.18,29.14,28.78,11.36,10.62
197,2019-01-18,266.98,256.41,23.15,22.41,72.3,70.75,29.01,28.4,11.32,10.75
198,2019-01-11,259.16,251.69,22.52,21.67,71.8,67.34,28.5,27.55,11.61,11.06
199,2019-01-04,253.11,243.67,21.77,21.31,68.72,65.5,27.99,27.31,11.76,11.35
200,2018-12-28,251.4,233.76,21.65,21.04,68.2,65.73,28.01,27.38,11.71,11.47
201,2018-12-21,260.65,239.98,22.05,21.04,68.25,65.13,29.0,28.21,11.62,10.83
202,2018-12-07,280.4,262.44,23.18,22.23,70.8,66.83,29.5,28.49,11.03,10.26
203,2018-11-30,276.28,265.34,23.0,22.46,70.25,65.45,29.24,28.56,10.55,10.11
204,2018-11-23,273.38,263.07,23.02,22.45,66.75,64.0,28.74,28.17,10.74,10.2
205,2018-11-16,277.46,267.01,23.06,22.76,67.3,65.12,28.65,28.0,10.4,9.74
206,2018-11-09,281.22,271.35,23.14,22.7,66.8,64.1,28.25,27.11,10.51,9.98
207,2018-11-02,275.23,259.85,22.88,21.97,64.44,60.51,27.91,27.17,10.42,9.9
208,2018-10-26,277.36,262.29,23.13,22.02,61.85,60.19,27.94,27.0,10.98,9.95
209,2018-10-19,281.15,274.3,23.23,22.89,63.21,60.85,27.51,26.62,10.89,10.44
210,2018-10-12,288.86,270.36,23.8,22.79,62.5,59.65,27.49,26.53,10.67,9.57
211,2018-10-05,293.21,286.22,24.13,23.78,65.27,62.04,28.25,26.85,10.05,9.58
212,2018-09-28,292.24,289.41,24.29,23.92,65.84,64.43,28.28,27.9,10.06,9.59
213,2018-09-21,293.94,289.03,24.25,23.81,66.77,65.04,28.83,28.21,9.96,9.49
214,2018-09-14,291.27,286.98,24.09,23.77,67.02,65.31,29.03,28.42,9.69,9.21
215,2018-09-07,290.21,286.71,24.22,23.84,67.0,62.5,29.14,28.82,9.79,9.37
216,2018-08-31,291.74,288.68,24.52,24.2,63.81,60.18,28.96,28.67,10.21,9.82
217,2018-08-24,287.67,285.06,24.64,24.45,64.1,62.05,29.07,28.66,10.19,9.78
218,2018-08-17,285.56,280.16,24.59,24.17,63.5,60.5,28.9,28.35,10.93,9.68
219,2018-08-10,286.01,282.36,24.73,24.33,61.45,60.12,28.85,28.5,11.21,10.96
220,2018-08-03,283.66,279.16,24.67,24.37,60.55,59.65,28.7,28.3,11.42,11.15
221,2018-07-27,284.37,279.06,24.7,24.46,61.99,58.85,28.76,28.25,11.77,11.35
222,2018-07-20,281.18,278.41,24.76,24.56,63.6,61.03,29.0,28.35,11.99,11.68
223,2018-07-13,279.93,276.5,24.78,24.42,63.49,56.41,29.2,28.66,12.28,11.81
224,2018-06-29,273.87,268.49,24.36,23.99,59.36,57.34,29.13,28.62,12.02,11.79
225,2018-06-22,276.72,273.53,24.52,24.12,58.83,54.48,29.28,28.36,12.08,11.88
226,2018-06-15,279.48,275.35,24.3,24.04,55.71,54.0,28.74,28.12,12.17,11.8
227,2018-06-08,278.28,274.18,24.09,23.78,56.54,54.13,28.7,28.22,11.95,11.75
228,2018-06-01,273.94,267.76,23.9,23.54,55.8,54.54,28.17,27.73,12.0,11.78
229,2018-05-25,274.25,270.78,24.3,23.83,55.34,52.55,27.8,27.2,11.98,11.58
230,2018-05-18,274.08,270.03,24.24,23.95,55.16,53.25,28.0,27.04,12.01,11.6
231,2018-05-11,273.15,265.15,23.95,23.47,55.47,53.75,28.05,27.61,12.09,11.9
232,2018-05-04,267.89,259.05,23.47,23.14,58.18,54.52,27.8,27.5,12.04,11.67
233,2018-04-27,267.98,260.85,23.35,22.89,57.5,53.77,27.6,26.74,12.06,11.87
234,2018-04-20,271.3,265.61,23.09,22.64,55.4,52.9,27.05,26.45,12.11,11.79
235,2018-04-13,267.54,259.94,22.85,22.61,56.91,53.99,26.95,26.51,11.99,11.49
236,2018-04-06,266.64,254.67,22.86,22.25,58.02,55.7,27.71,26.61,11.99,11.41
237,2018-03-29,266.77,258.58,22.89,22.52,58.0,55.7,27.43,26.55,11.96,11.45
238,2018-03-23,274.4,257.83,23.37,22.5,64.98,56.36,27.84,26.42,11.83,11.41
239,2018-03-16,280.41,274.14,23.52,23.08,64.98,62.25,27.9,27.08,11.55,11.18
240,2018-03-09,278.87,267.61,23.17,22.7,64.33,61.25,27.38,26.87,11.71,11.21
241,2018-03-02,278.92,264.82,23.43,22.65,63.65,62.01,27.18,26.46,11.56,11.03
242,2018-02-23,274.72,269.64,23.3,22.94,64.96,62.0,26.64,26.2,11.7,11.27
243,2018-02-16,275.32,261.66,23.1,22.49,63.44,61.18,26.58,25.81,12.0,11.17
244,2018-02-09,275.85,252.92,23.25,22.05,63.07,60.75,26.8,25.45,11.91,10.91
245,2018-02-02,286.43,275.41,24.1,23.3,66.8,61.03,27.78,26.7,12.5,11.77
246,2018-01-26,286.63,280.11,24.43,24.08,67.4,65.5,27.86,27.33,12.84,12.18
247,2018-01-19,280.41,276.18,24.44,24.25,66.15,64.01,27.43,27.12,12.9,12.25
248,2018-01-12,278.11,272.92,24.45,24.21,66.97,64.85,27.99,27.3,12.52,11.98
249,2018-01-05,273.56,267.4,24.51,24.06,66.3,65.46,28.43,27.46,12.5,12.2
250,2017-12-29,268.55,266.64,24.18,24.0,66.21,65.0,28.56,27.86,12.33,12.14
251,2017-12-22,268.6,266.69,24.19,23.99,67.67,65.0,29.55,28.39,12.23,11.88
252,2017-12-15,267.56,265.39,24.18,23.87,67.98,66.49,29.36,28.88,11.91,11.41
253,2017-12-08,266.8,262.71,24.07,23.61,67.37,65.59,28.99,28.26,11.87,11.43
254,2017-12-01,266.05,260.0,23.96,23.66,66.9,64.12,29.12,28.55,12.45,11.94
255,2017-11-24,260.48,257.86,24.08,23.83,65.0,63.37,28.94,28.5,12.31,12.09
256,2017-11-17,259.04,255.63,23.96,23.66,65.0,63.5,28.99,28.51,12.25,11.97
257,2017-11-10,259.35,256.36,24.01,23.85,64.69,61.75,28.84,28.15,12.28,12.01
258,2017-11-03,258.5,256.19,23.98,23.74,62.78,60.52,28.58,27.93,12.34,11.89
259,2017-10-27,257.89,254.0,23.8,23.56,61.81,59.0,28.27,27.8,12.43,12.05
260,2017-10-20,257.14,254.35,23.63,23.39,61.27,59.3,28.24,27.9,12.75,12.31
261,2017-10-13,255.27,253.65,23.49,23.34,62.0,59.31,28.03,27.7,12.77,12.44
262,2017-10-06,254.7,251.29,23.42,23.16,60.0,57.41,27.75,27.22,12.62,12.21
263,2017-09-29,251.32,248.08,23.25,22.78,61.39,57.41,27.5,26.99,12.58,12.16
264,2017-09-22,250.19,248.92,22.87,22.37,62.0,61.2,27.92,27.38,12.58,12.12
265,2017-09-15,250.32,248.02,22.38,22.1,62.0,60.51,27.7,27.39,12.98,12.49
266,2017-09-08,247.52,244.95,22.33,22.0,62.02,59.75,27.82,27.33,13.31,12.86
267,2017-09-01,248.33,242.93,22.4,21.98,61.25,60.01,28.19,27.78,13.17,12.48
268,2017-08-25,245.62,241.83,22.46,22.15,62.49,61.33,28.12,27.75,12.48,12.31
269,2017-08-18,247.57,242.2,22.64,22.16,62.55,61.49,28.4,27.72,12.62,12.13
270,2017-08-11,248.91,243.7,22.74,22.29,61.5,60.04,28.45,27.81,12.52,11.91
271,2017-08-04,247.79,246.37,22.78,22.28,61.58,59.99,28.45,27.84,12.31,11.96
272,2017-07-28,248.0,245.68,22.7,22.31,62.76,60.89,28.05,27.68,12.28,11.73
273,2017-07-21,247.42,244.67,22.75,22.37,62.99,61.98,28.19,27.67,12.1,11.86
274,2017-07-14,245.97,240.85,22.7,22.24,64.32,59.6,27.9,27.6,12.13,11.53
275,2017-07-07,243.38,240.34,22.57,22.13,64.62,59.4,28.87,27.75,12.13,11.53
276,2017-06-30,244.38,239.96,22.76,22.34,66.77,62.18,29.53,28.39,12.91,12.09
277,2017-06-23,244.73,242.41,22.7,22.37,63.78,61.81,29.98,29.46,12.93,12.28
278,2017-06-16,244.87,241.63,23.08,22.28,63.25,61.5,30.0,29.7,13.2,12.35
279,2017-06-09,245.01,241.95,22.93,22.65,65.31,63.0,30.35,29.59,13.68,12.88
280,2017-06-02,244.35,240.64,22.93,22.59,65.1,62.1,30.26,29.56,13.22,12.89
281,2017-05-26,242.08,238.82,23.1,22.61,62.99,61.97,29.84,29.6,13.42,12.72
282,2017-05-19,240.67,235.43,23.4,22.49,64.3,61.54,30.0,29.5,13.74,13.16
283,2017-05-12,240.19,238.13,23.35,23.04,66.0,63.54,30.13,29.67,13.45,12.52
284,2017-05-05,239.72,237.7,23.24,22.83,66.02,63.33,30.28,29.66,12.99,12.3
285,2017-04-28,239.53,234.56,23.52,22.91,64.31,62.45,30.03,29.6,13.43,12.51
286,2017-04-21,235.85,232.88,23.25,23.0,63.82,61.8,29.9,29.36,13.89,13.35
287,2017-04-13,236.26,232.51,23.36,22.98,63.54,62.53,29.3,29.0,14.01,13.22
288,2017-04-07,237.39,233.91,23.37,22.85,63.24,61.19,29.25,28.67,13.7,12.97
289,2017-03-31,236.52,231.61,23.21,22.65,62.91,61.4,28.75,28.5,13.58,12.84
290,2017-03-24,237.61,232.96,22.96,22.52,62.75,60.68,28.89,28.54,13.54,12.92
291,2017-03-17,239.44,236.19,23.14,22.79,65.37,61.0,28.73,28.2,13.36,12.3
292,2017-03-10,238.12,235.74,23.25,22.87,67.19,64.21,28.82,28.2,12.79,12.23
293,2017-03-03,240.32,236.02,23.13,22.76,66.69,63.0,29.19,28.66,13.8,12.45
294,2017-02-24,236.9,235.41,23.57,22.88,65.9,64.0,28.76,28.25,13.99,13.51
295,2017-02-17,235.16,232.05,23.57,23.35,65.95,64.5,28.32,27.95,14.3,13.8
296,2017-02-10,231.77,228.31,23.38,22.88,65.8,63.0,28.29,27.6,14.51,13.8
297,2017-02-03,229.55,226.32,23.14,22.78,64.62,62.53,27.79,27.35,13.73,13.03
298,2017-01-27,229.71,225.27,23.37,22.98,66.2,63.98,28.3,27.64,13.66,12.83
299,2017-01-20,227.31,225.41,23.21,22.84,65.22,63.99,28.26,27.71,13.36,12.88
300,2017-01-13,227.45,224.96,23.09,22.79,64.45,61.53,28.51,27.73,13.1,12.48
301,2017-01-06,227.75,223.88,23.14,22.72,64.49,62.2,28.56,28.07,13.33,12.18
302,2016-12-30,226.73,222.73,22.89,22.61,63.72,62.32,28.19,27.72,12.91,11.52
303,2016-12-23,226.57,224.92,22.81,22.66,64.28,62.26,28.32,27.92,11.38,10.75
304,2016-12-16,228.34,224.67,22.84,22.48,63.94,61.58,28.38,27.6,12.06,10.74
305,2016-12-09,226.53,220.42,22.7,22.24,62.5,60.52,28.02,27.25,12.29,11.59
306,2016-12-02,221.82,219.15,22.41,22.11,64.96,60.55,28.0,27.1,12.23,11.59
307,2016-11-25,221.56,219.0,22.5,22.22,64.9,61.82,27.99,27.14,12.36,11.46
308,2016-11-18,219.27,215.72,22.16,21.58,65.79,62.0,27.93,27.21,12.66,11.47
309,2016-11-11,218.31,208.55,22.05,21.52,67.65,63.42,28.38,27.28,14.47,11.89
310,2016-11-04,213.19,208.38,21.97,21.44,68.15,66.59,28.54,27.58,14.8,13.56
311,2016-10-21,214.64,212.17,22.0,21.42,68.37,66.37,28.85,27.96,14.06,12.88
312,2016-10-14,216.7,211.21,21.68,21.26,67.05,63.03,28.39,27.94,13.59,12.66
313,2016-10-07,216.3,213.99,21.6,21.24,65.25,64.0,29.5,28.08,14.88,12.73
314,2016-09-30,217.12,213.62,21.76,21.24,65.3,63.28,30.25,29.56,15.47,14.64
315,2016-09-23,217.53,213.03,21.68,21.17,66.1,64.72,30.09,29.21,15.97,14.66
316,2016-09-16,216.81,212.31,21.37,20.91,65.43,63.61,29.69,29.01,15.27,14.47
317,2016-09-09,219.22,213.25,21.63,21.17,69.46,65.05,30.4,29.34,15.79,14.66
318,2016-09-02,218.87,216.03,21.68,21.25,68.98,67.5,30.23,29.81,15.38,14.13
319,2016-08-26,219.6,216.25,21.75,21.29,69.48,63.53,30.18,29.6,16.45,14.66
320,2016-08-19,219.5,217.02,21.71,21.42,62.71,60.0,30.35,29.5,17.3,16.36
321,2016-08-12,218.94,217.23,21.78,21.45,60.58,58.81,30.95,30.2,17.67,16.95
322,2016-08-05,218.23,214.25,21.44,21.1,59.65,58.03,30.89,30.12,17.72,16.97
323,2016-07-29,217.54,215.62,21.44,21.22,60.35,59.38,30.92,30.4,17.2,15.7
324,2016-07-22,217.37,215.63,21.44,21.24,60.43,58.24,30.78,29.66,16.87,15.69
325,2016-07-15,217.01,212.95,21.34,20.91,60.21,55.24,30.15,29.51,17.37,16.33
326,2016-07-08,212.94,207.06,20.95,20.56,56.07,54.45,29.59,28.88,17.36,16.26
327,2016-06-24,210.87,202.72,20.72,20.1,54.65,51.07,28.74,27.99,15.74,13.89
328,2016-06-17,210.37,205.59,20.71,20.16,55.53,53.25,28.29,27.93,15.47,14.17
329,2016-06-10,212.52,209.43,21.29,20.58,59.96,55.0,28.64,28.08,14.98,13.99
330,2016-06-03,210.93,208.86,21.0,20.57,59.97,58.25,28.9,28.58,14.4,12.64
331,2016-05-27,210.25,204.99,20.87,20.53,59.0,57.76,28.89,28.44,13.59,12.58
332,2016-05-20,207.34,202.78,20.58,20.16,57.98,55.01,28.64,28.06,14.64,13.05
333,2016-05-13,208.54,204.38,20.41,19.91,55.61,54.5,29.25,28.3,14.35,13.31
334,2016-05-06,208.18,203.88,20.62,19.99,56.98,54.41,28.84,27.5,14.55,13.21
335,2016-04-29,209.81,205.03,20.59,20.28,56.09,53.04,28.3,27.39,14.29,12.46
336,2016-04-22,210.92,207.0,20.62,19.99,59.25,55.0,28.63,27.5,13.14,12.42
337,2016-04-15,208.6,203.7,20.22,19.76,59.0,56.95,28.77,28.28,13.08,12.1
338,2016-04-08,207.07,203.09,19.85,19.47,59.99,57.57,28.83,28.51,12.4,11.21
339,2016-04-01,207.14,202.4,20.03,19.58,59.97,58.56,28.85,28.29,11.77,11.04
340,2016-03-24,205.23,201.74,19.99,19.55,59.04,56.78,28.65,28.1,12.07,11.08
341,2016-03-18,205.23,201.05,20.16,19.75,62.0,58.35,28.81,28.12,12.29,11.1
342,2016-03-11,202.81,197.38,20.11,19.5,62.63,59.25,28.32,27.79,11.94,10.93
343,2016-03-04,201.35,193.33,19.61,18.94,62.75,59.425,28.37,27.23,12.08,10.8
344,2016-02-26,196.68,189.32,19.26,18.48,62.18,60.08,28.05,27.34,12.07,10.76
345,2016-02-19,193.32,187.63,19.23,18.36,60.84,56.975,27.67,26.62,11.45,10.43
346,2016-02-12,188.34,181.09,18.8,17.75,58.56,54.38,27.71,26.35,11.4,9.81
347,2016-02-05,194.58,187.1,19.05,18.25,61.35,58.76,28.76,27.72,10.33,8.71
348,2016-01-29,193.88,187.06,18.96,17.95,63.34,60.5,28.7,28.0,8.79,8.09
349,2016-01-22,190.76,181.02,18.34,17.07,62.48,57.69,29.54,27.86,8.31,7.68
350,2016-01-15,194.86,185.52,18.51,17.68,61.61,59.31,29.49,28.61,8.91,8.02
351,2016-01-08,201.9,191.58,19.09,18.34,61.07,58.79,29.8,28.91,9.17,8.28
352,2015-12-31,207.79,203.87,19.75,19.18,63.9,61.3,30.09,29.58,8.35,8.02
353,2015-12-24,206.33,200.09,19.92,19.27,63.53,62.06,30.09,29.7,8.5,8.14
354,2015-12-18,208.48,199.83,19.72,18.83,65.0,62.53,30.29,28.73,8.37,7.83
355,2015-12-11,209.73,201.51,19.77,19.02,64.21,61.23,29.09,28.55,8.5,8.1
356,2015-12-04,211.0,204.75,20.31,19.73,64.73,61.38,29.15,28.25,8.54,7.68
357,2015-11-27,209.98,207.41,20.07,19.79,63.93,61.25,29.01,28.42,7.91,7.54
358,2015-11-20,210.12,202.18,20.1,19.31,61.92,57.3,28.89,27.8,7.97,7.39
359,2015-11-13,209.49,202.44,20.05,19.28,60.91,57.24,28.3,27.52,7.86,7.55
360,2015-11-06,211.66,208.17,20.42,19.92,61.39,56.99,29.14,28.13,8.49,7.52
361,2015-10-30,209.44,205.79,20.66,20.0,62.49,57.0,29.27,28.51,9.35,8.37
362,2015-10-23,207.95,201.65,20.75,20.1,62.59,60.92,29.3,28.22,9.24,8.62
363,2015-10-16,203.29,198.94,20.61,20.31,62.42,60.85,28.21,27.63,9.18,8.54
364,2015-10-09,201.9,196.33,20.74,19.85,63.71,60.75,28.14,27.6,8.78,8.04
365,2015-10-02,195.03,186.93,19.8,19.15,62.85,60.7,27.94,27.01,8.04,7.45
366,2015-09-25,197.68,190.56,20.49,19.52,63.48,60.05,27.99,26.87,8.05,7.46
367,2015-09-18,202.89,194.96,20.51,19.91,61.49,59.7,27.38,26.52,8.16,7.3
368,2015-09-11,199.47,194.25,20.5,19.98,62.0,60.29,26.82,26.16,7.72,7.15
369,2015-09-04,199.13,190.73,20.64,19.89,61.25,56.25,28.0,25.95,8.17,7.45
370,2015-08-28,199.84,182.4,20.65,18.48,59.095,46.0,27.54,25.0,8.91,7.44
371,2015-08-21,210.68,197.52,21.21,20.03,60.98,55.06,28.86,27.93,9.1,8.2
372,2015-08-14,210.67,205.36,21.55,21.05,61.13,58.33,28.8,27.96,8.64,7.54
373,2015-08-07,211.31,206.87,21.77,21.24,61.92,59.27,28.91,28.32,7.79,7.35
374,2015-07-31,211.45,206.26,21.58,20.71,60.34,57.87,28.53,27.63,7.95,7.43
375,2015-07-24,213.18,207.6,21.61,20.97,59.48,57.79,28.47,27.96,8.19,7.32
376,2015-07-17,212.55,208.94,21.76,21.26,58.5,53.27,28.38,27.33,9.28,8.54
377,2015-07-10,208.17,204.11,21.56,20.99,54.6,52.98,27.41,26.5,9.74,9.12
378,2015-06-26,212.59,209.16,21.95,21.38,54.88,53.45,27.29,26.25,9.68,9.46
379,2015-06-19,213.34,207.79,21.78,21.28,54.35,52.14,26.81,26.25,9.89,9.48
380,2015-06-12,212.09,207.69,22.02,21.58,52.77,50.39,26.8,26.23,10.08,9.64
381,2015-06-05,212.67,208.98,22.36,22.01,50.92,48.4,27.92,26.76,10.49,9.92
382,2015-05-29,212.98,210.2,22.39,21.99,49.0,47.22,28.17,27.52,10.45,10.07
383,2015-05-22,213.78,212.16,22.41,22.08,48.57,46.02,27.78,27.22,10.65,10.34
384,2015-05-15,212.61,208.62,22.4,21.93,48.4,45.14,27.5,26.26,10.86,10.26
385,2015-05-08,212.02,206.76,22.64,21.91,48.79,45.76,27.49,26.38,10.67,10.01
386,2015-05-01,212.48,207.62,22.77,22.32,50.0,46.25,28.11,26.8,10.68,10.15
387,2015-04-24,211.97,208.9,22.73,22.36,50.43,48.6,28.0,27.61,10.47,10.04
388,2015-04-17,211.04,207.01,22.79,22.39,52.23,49.33,28.94,27.41,10.5,10.16
389,2015-04-10,210.09,205.21,22.65,22.02,52.76,51.0,29.13,28.52,10.5,9.96
390,2015-04-02,208.61,204.51,22.12,21.7,52.42,51.56,29.04,28.43,10.32,9.74
391,2015-03-27,211.11,204.12,22.24,21.52,52.7,49.74,29.13,28.2,10.49,9.81
392,2015-03-20,211.27,205.86,22.13,21.73,51.99,48.08,29.0,28.3,10.39,9.65
393,2015-03-13,208.79,204.4,22.12,21.59,48.87,47.52,28.38,27.5,10.15,9.4
394,2015-03-06,212.06,207.1,22.57,22.01,50.15,48.04,28.89,27.79,11.41,10.01
395,2015-02-27,212.24,210.48,22.66,22.27,49.95,48.27,29.39,28.25,11.49,10.89
396,2015-02-20,211.33,208.73,22.59,22.21,49.89,48.23,28.98,28.44,11.3,10.78
397,2015-02-13,209.84,204.14,22.57,22.06,49.67,47.1,29.07,27.85,11.57,11.09
398,2015-02-06,207.24,197.86,22.4,21.7,53.0,46.88,29.43,28.62,12.2,11.33
399,2015-01-30,205.56,198.68,21.94,21.23,50.75,47.02,29.62,28.86,12.15,11.19
400,2015-01-23,206.26,200.17,21.93,20.79,48.78,45.5,28.95,27.51,12.11,11.13
401,2015-01-16,205.48,198.55,21.16,20.4,47.67,44.98,27.74,26.6,11.41,10.02
402,2015-01-09,206.42,198.86,21.57,20.78,49.5,45.37,26.79,25.68,10.41,9.38
403,2015-01-02,208.97,204.18,21.68,21.36,50.24,48.41,25.98,25.25,9.44,8.78
404,2014-12-19,212.97,197.86,21.47,20.13,50.97,42.58,25.59,24.76,9.36,8.36
405,2014-12-12,208.12,200.85,21.25,20.28,42.84,40.76,25.48,24.9,9.89,8.92
406,2014-12-05,208.47,205.38,21.84,21.29,42.97,41.04,25.27,24.92,9.69,9.07
407,2014-11-28,207.87,206.8,22.21,21.71,42.5,39.56,25.4,24.52,9.81,8.85
408,2014-11-21,207.84,203.65,22.27,21.73,43.0,40.0,24.81,24.32,9.89,9.06
409,2014-11-14,204.83,203.13,21.83,21.48,41.54,39.18,24.93,24.39,9.24,8.46
410,2014-11-07,203.6,200.06,21.53,20.98,40.56,38.8,25.38,24.4,9.04,8.01
411,2014-10-31,201.82,195.03,21.46,21.01,39.6,38.0,24.8,23.77,9.97,8.14
412,2014-10-24,196.49,188.07,21.26,20.6,38.38,35.89,23.84,23.18,10.51,9.76
413,2014-10-17,191.15,181.92,20.8,19.72,36.7,32.67,23.19,22.49,10.77,10.14
414,2014-10-10,197.6,190.49,21.67,20.66,36.98,35.53,23.03,21.97,10.69,9.79
415,2014-10-03,198.3,192.35,21.85,21.14,36.68,35.15,22.93,22.41,10.71,10.11
416,2014-09-26,200.38,196.27,22.17,21.51,36.04,34.44,22.9,22.55,10.85,10.48
417,2014-09-19,201.9,198.38,22.75,22.11,36.95,34.11,23.82,22.71,11.6,10.69
418,2014-09-12,201.21,198.56,22.74,22.47,38.86,36.05,24.1,23.5,11.73,11.32
419,2014-09-05,201.58,199.41,22.78,22.56,37.6,32.8,24.44,23.5,12.39,11.6
420,2014-08-29,200.82,199.15,22.71,22.49,33.28,31.7,24.84,23.69,12.63,12.2
421,2014-08-22,199.76,196.69,22.58,22.19,32.19,31.0,24.25,23.88,12.82,12.3
422,2014-08-15,196.65,192.94,22.2,21.98,30.88,29.75,23.98,23.45,13.04,12.56
423,2014-08-08,194.3,190.55,22.15,21.78,30.9,29.76,23.83,23.2,12.83,12.14
424,2014-08-01,198.45,191.57,22.59,21.96,30.5,29.7,23.95,23.59,12.68,12.17
425,2014-07-25,199.06,196.43,22.52,22.05,30.27,29.28,23.99,23.46,12.58,12.08
426,2014-07-18,198.26,195.43,22.16,21.8,29.98,28.98,23.6,23.13,12.58,12.06
427,2014-07-11,197.98,195.06,21.95,21.66,29.76,28.7,23.26,22.77,12.88,11.99
428,2014-06-27,196.5,194.13,21.73,21.47,29.71,29.11,23.16,22.84,12.39,11.83
429,2014-06-20,196.6,193.66,21.77,21.59,30.75,29.85,23.39,22.91,12.27,11.21
430,2014-06-13,196.05,193.11,21.7,21.4,30.99,29.52,23.83,23.0,11.48,10.68
431,2014-06-06,195.43,191.97,21.41,21.14,30.2,29.35,23.93,23.4,10.81,10.42
432,2014-05-30,192.8,190.95,21.36,20.98,30.64,29.67,23.35,23.04,11.06,10.34
433,2014-05-23,190.48,187.07,21.32,20.91,30.97,30.04,23.28,23.04,11.23,10.99
434,2014-05-16,190.42,186.48,21.2,20.86,31.0,30.23,23.36,23.02,11.4,11.02
435,2014-05-09,189.05,186.01,21.2,20.87,32.17,31.0,23.1,22.69,11.74,11.12
436,2014-05-02,189.14,184.96,21.24,20.79,32.86,31.73,22.99,22.6,11.64,11.31
437,2014-04-25,188.4,185.87,20.98,20.77,89.9,29.99,24.18,22.58,11.71,11.02
438,2014-04-17,186.91,181.44,20.84,20.43,91.02,88.16,22.7,22.23,11.77,11.23
439,2014-04-11,187.17,181.31,20.74,20.41,94.79,89.5,22.55,22.13,11.92,11.46
440,2014-04-04,189.7,185.52,20.83,20.56,93.67,90.2,22.44,22.0,11.76,11.25
441,2014-03-28,187.34,183.9,20.75,20.35,95.1,90.07,22.27,21.77,12.21,11.15
442,2014-03-21,189.02,185.47,20.85,20.52,95.0,84.34,22.34,21.74,13.28,12.26
443,2014-03-07,188.96,183.75,20.73,20.42,88.4,87.27,22.62,22.08,12.83,12.35
444,2014-02-28,187.15,184.2,20.68,20.52,88.47,87.36,22.49,22.27,12.91,12.32
445,2014-02-21,184.95,182.6,20.62,20.3,88.5,85.4,22.44,21.92,12.95,12.27
446,2014-02-14,184.36,179.21,20.33,19.9,88.15,84.55,22.08,21.7,12.7,11.62
447,2014-02-07,179.87,173.71,19.93,19.4,84.73,81.9,21.85,21.14,11.56,11.07
448,2014-01-31,179.81,176.88,19.9,19.57,82.49,79.5,21.78,21.38,11.7,11.07
449,2014-01-24,184.77,178.83,20.3,19.82,82.0,80.6,22.19,21.5,11.67,10.95
450,2014-01-17,184.94,181.34,20.13,19.77,80.99,78.0,21.75,21.27,11.13,10.3
451,2014-01-10,184.22,182.08,19.92,19.44,82.61,78.58,21.65,20.8,10.42,9.99
452,2014-01-03,184.69,182.48,19.74,19.55,80.66,79.71,20.98,20.6,10.25,9.45
453,2013-12-27,184.18,182.07,19.7,19.6,80.25,80.0,20.88,20.74,9.85,9.72
454,2013-12-20,181.99,177.32,19.6,19.03,81.0,78.34,20.87,20.01,9.95,9.41
455,2013-12-13,181.67,177.76,19.36,18.9,79.82,77.3,20.8,20.16,10.09,9.38
456,2013-12-06,181.43,178.35,19.55,19.08,80.97,77.48,20.91,20.57,9.97,9.43
457,2013-11-29,181.75,180.37,19.61,19.37,83.05,73.64,21.06,20.69,10.18,9.75
458,2013-11-22,180.83,177.98,19.62,19.41,74.02,71.85,21.44,20.75,10.74,9.97
459,2013-11-15,180.12,176.09,19.55,19.24,73.61,71.16,21.38,20.8,11.04,10.65
460,2013-11-08,177.64,174.76,19.42,19.2,72.12,70.78,21.51,20.77,11.11,10.54
461,2013-11-01,177.51,175.22,19.46,19.25,72.47,70.12,21.9,21.26,11.98,10.7
462,2013-10-25,176.0,173.96,19.33,18.93,71.99,69.55,21.93,21.34,11.74,10.7
463,2013-10-18,174.51,169.08,18.97,18.51,70.98,68.46,21.6,21.13,10.87,10.07
464,2013-10-11,170.32,164.53,18.68,18.26,68.74,65.0,21.19,20.31,10.85,10.12
465,2013-10-04,169.5,166.84,18.53,18.26,67.72,64.15,20.95,20.45,11.08,10.5
466,2013-09-27,170.65,168.47,18.54,18.36,65.72,62.43,21.0,20.64,11.35,10.69
467,2013-09-20,173.6,170.04,18.62,18.38,64.14,62.84,21.52,20.44,12.18,11.0
468,2013-09-06,166.98,163.7,18.75,18.41,63.72,61.05,20.38,20.0,12.7,12.05
469,2013-08-30,167.3,163.05,18.53,18.16,61.29,56.5,20.43,20.0,13.68,12.17
470,2013-08-23,166.83,164.19,18.47,18.08,62.48,57.67,20.37,19.69,13.2,12.53
471,2013-08-16,169.9,165.5,18.47,18.02,62.97,58.05,20.68,19.98,13.18,11.57
472,2013-08-09,170.96,168.55,18.11,17.84,62.59,60.23,20.9,20.72,11.4,10.3
473,2013-08-02,170.97,168.11,18.35,17.95,63.99,62.6,20.97,20.48,11.76,10.98
474,2013-07-26,169.86,167.52,18.46,18.24,64.96,63.41,21.49,20.88,12.07,11.34
475,2013-07-19,169.27,167.07,18.34,17.98,64.78,61.59,21.68,21.17,11.15,10.42
476,2013-07-12,167.93,163.08,18.04,17.5,63.8,56.98,21.67,20.86,10.71,9.93
477,2013-07-05,163.08,160.22,17.59,17.3,63.85,62.85,21.2,20.62,10.75,9.92
478,2013-06-28,161.82,155.73,17.55,16.96,62.5,60.01,20.96,19.5,10.63,9.62
479,2013-06-21,165.99,157.47,17.94,17.15,62.83,59.89,20.8,19.15,12.03,10.31
480,2013-06-14,165.4,161.3,17.88,17.38,59.48,56.91,20.79,19.72,12.5,11.86
481,2013-06-07,165.1,160.25,18.33,17.71,58.51,57.0,21.23,20.35,13.11,12.3
482,2013-05-31,167.78,163.13,18.5,18.24,59.51,57.25,22.6,20.56,12.87,11.67
483,2013-05-24,169.07,163.94,18.64,18.19,62.46,59.08,23.28,21.84,12.2,11.48
484,2013-05-17,167.04,162.82,18.24,17.92,61.1,59.69,23.01,22.38,12.41,11.27
485,2013-05-10,163.7,161.42,18.17,17.86,60.66,59.88,22.66,22.28,12.89,11.9
486,2013-05-03,161.88,158.1,18.02,17.56,62.0,59.03,22.66,22.3,12.62,12.02
487,2013-04-26,159.27,154.75,17.76,17.3,60.1,58.74,22.7,22.16,13.1,11.81
488,2013-04-19,158.13,153.55,17.56,17.15,61.0,57.2,22.49,21.98,12.64,11.44
489,2013-04-12,159.71,154.75,18.07,17.65,58.45,54.92,22.24,21.8,15.14,13.35
490,2013-04-05,157.21,153.77,18.36,17.58,56.5,54.71,21.8,20.76,15.89,14.14
491,2013-03-28,156.85,154.35,18.4,18.14,55.09,53.06,21.01,20.73,16.05,15.61
492,2013-03-22,155.95,153.59,18.64,18.3,56.02,53.75,21.65,20.75,16.26,15.82
493,2013-03-08,155.65,151.52,18.69,18.43,56.97,53.02,21.42,20.89,16.14,15.18
494,2013-02-15,152.61,151.39,18.53,18.31,53.87,53.4,20.45,20.26,17.41,16.47
495,2013-01-25,150.25,147.98,18.63,18.38,49.2,48.0,20.63,20.14,18.81,17.49
496,2013-01-18,148.49,146.2,18.4,18.12,49.5,48.99,20.1,19.8,18.64,18.16
497,2012-12-28,142.71,139.87,17.85,17.72,48.35,47.94,19.8,19.51,18.7,18.23
498,2012-12-21,145.58,141.94,18.01,17.67,48.82,47.77,19.87,19.18,18.68,17.83
499,2012-12-14,144.55,141.88,17.89,17.62,50.03,48.3,19.67,19.03,19.15,18.4
500,2012-12-07,142.92,140.37,17.7,17.47,49.42,48.0,19.32,19.01,19.33,18.33
501,2012-11-30,142.51,139.0,17.73,17.32,48.97,45.78,19.15,18.81,19.9,18.92
502,2012-11-23,141.4,136.41,17.66,17.24,48.29,47.36,19.03,18.54,19.96,19.31
503,2012-11-09,143.52,137.55,17.87,17.45,48.67,47.75,19.14,18.75,21.21,20.19
504,2012-11-02,143.72,140.68,18.01,17.61,49.69,48.23,19.1,18.58,21.61,20.25
505,2012-10-26,143.67,140.39,17.85,17.4,49.16,48.82,19.08,18.67,21.35,20.43
506,2012-10-19,146.52,142.77,17.93,17.39,49.8,49.26,19.03,18.38,21.47,20.52
507,2012-10-12,146.12,142.58,17.76,17.43,50.01,48.41,18.59,18.3,21.67,20.85
508,2012-10-05,147.16,143.83,17.9,17.68,48.1,45.25,18.69,18.38,22.11,21.54
509,2012-09-28,146.24,142.95,17.72,17.43,45.39,45.22,18.73,18.4,21.91,20.72
510,2012-09-21,147.19,145.63,18.07,17.68,45.69,44.8,18.87,18.48,22.18,21.41
511,2012-09-14,148.11,143.46,18.1,17.58,50.38,46.3,18.98,18.31,21.67,19.77
512,2012-09-07,144.39,140.13,17.7,17.13,50.15,49.12,18.64,18.04,20.62,19.38
513,2012-08-24,143.09,140.22,17.53,17.24,52.22,48.0,18.57,18.26,19.87,18.52
514,2012-08-17,142.3,140.04,17.39,16.92,51.51,47.93,18.46,18.2,18.92,18.05
515,2012-08-10,140.92,139.56,17.05,16.87,50.01,47.7,18.9,18.26,18.6,18.19
516,2012-08-03,139.64,135.58,16.93,16.41,47.45,47.45,18.76,18.43,18.4,17.35
517,2012-07-20,138.18,134.55,16.75,16.44,50.0,47.95,18.83,18.32,18.06,17.4
518,2012-07-13,136.23,132.6,16.8,16.29,48.0,43.95,18.58,18.29,19.11,17.41
519,2012-07-06,137.8,134.85,17.17,16.68,45.6,44.3,18.86,18.34,19.69,18.88
520,2012-06-29,136.27,130.85,16.72,16.15,45.65,44.16,18.34,17.67,19.5,18.33
521,2012-06-22,136.25,132.33,17.06,16.31,45.1,40.4,18.05,17.72,20.61,18.86
522,2012-06-08,133.53,127.14,16.8,16.05,42.7,39.77,17.7,16.91,21.27,19.65
523,2012-06-01,133.93,128.16,16.74,16.26,41.0,39.75,18.11,17.11,20.51,18.53
524,2012-05-25,133.23,129.95,16.66,16.11,42.49,37.86,17.48,17.02,19.42,17.79
525,2012-05-11,137.56,134.49,16.95,16.46,43.93,40.83,17.9,17.6,18.72,17.44
526,2012-05-04,141.66,136.92,17.67,16.84,45.0,42.61,18.04,17.66,19.67,18.29
527,2012-04-27,140.79,135.94,17.5,17.04,43.32,38.98,17.78,17.25,19.59,18.7
528,2012-04-20,139.36,136.58,17.53,17.19,41.0,34.0,17.74,17.31,20.2,19.39
529,2012-04-13,139.84,135.76,17.49,16.95,34.5,34.0,17.43,16.89,20.33,19.5
530,2012-03-23,141.28,138.55,18.03,17.66,33.36,33.0,17.83,17.55,21.28,20.54
531,2012-02-17,136.63,134.25,17.93,17.55,30.35,29.48,17.67,17.19,23.44,22.64
532,2012-02-10,135.59,133.64,18.03,17.6,31.14,29.54,17.49,17.15,24.06,23.12
533,2012-02-03,134.62,130.06,18.08,17.0,30.37,29.54,17.41,17.02,24.65,23.88
534,2012-01-27,133.4,130.6,18.08,17.69,32.21,29.01,17.2,16.95,24.57,22.38
535,2011-12-30,126.82,124.73,17.1,16.68,32.0,29.1,16.18,15.91,22.69,21.59
536,2011-11-25,120.35,116.2,16.94,16.29,30.53,29.54,16.04,15.58,25.34,24.34
537,2011-11-11,128.02,122.86,17.92,17.15,32.0,30.99,17.03,16.3,27.27,25.81
538,2011-10-21,124.12,119.2,17.31,16.73,31.5,30.15,16.98,15.99,24.98,22.77
539,2011-10-07,117.25,107.43,17.05,15.61,30.74,28.71,15.68,14.75,25.25,22.83
540,2011-09-23,121.99,111.3,17.7,16.15,30.88,28.27,16.09,14.86,28.27,24.1
541,2011-09-09,120.94,114.38,18.31,17.67,29.88,29.01,16.79,15.87,28.4,26.6
542,2011-09-02,123.51,117.43,18.37,17.75,32.44,28.76,16.76,16.3,27.17,25.41
543,2011-08-26,119.4,112.41,17.85,17.2,31.91,30.65,16.05,15.4,26.89,24.43
544,2011-08-19,121.2,112.5,18.25,17.14,31.49,29.5,16.71,15.74,25.83,24.68
545,2011-08-12,120.12,110.27,18.13,16.64,30.5,28.5,16.35,14.0,25.46,23.32
546,2011-08-05,130.96,116.86,18.48,16.98,31.99,29.94,17.21,15.97,24.66,22.63
547,2011-07-22,134.82,129.63,19.33,18.86,32.49,30.5,17.68,17.18,25.14,24.13
548,2011-06-24,129.81,126.19,19.0,18.47,29.46,26.6,17.53,17.25,23.25,22.04
549,2011-06-10,130.36,127.26,19.48,18.75,28.01,28.01,18.02,17.39,23.89,22.45
550,2011-06-03,134.92,130.08,20.04,19.15,28.57,27.26,18.22,17.84,24.38,23.56
551,2011-05-27,133.87,131.38,19.96,19.5,28.0,26.14,18.08,17.43,24.32,23.5
552,2011-05-06,137.18,133.02,20.29,19.29,26.5,26.03,17.97,17.53,25.29,23.11
553,2011-04-21,133.84,129.51,20.07,19.48,27.0,26.15,17.28,16.98,25.77,24.77
554,2011-04-15,133.45,130.27,20.37,19.67,27.78,26.0,17.29,16.81,25.83,24.8
555,2011-04-08,134.0,132.31,20.58,20.21,26.3,25.51,17.42,16.57,25.94,24.41
556,2011-04-01,133.77,130.44,20.43,19.91,26.25,25.37,17.25,16.89,24.88,24.15
557,2011-03-25,131.87,128.32,20.42,20.15,25.99,25.18,17.5,16.56,25.29,23.83
558,2011-03-18,130.48,125.28,20.15,19.25,25.89,24.66,17.15,16.39,24.03,23.0
559,2011-03-11,133.16,129.49,20.71,19.57,26.1,24.76,17.83,17.0,25.21,23.49
560,2011-03-04,133.69,130.35,20.67,20.33,26.49,24.9,17.85,17.2,25.34,24.41
561,2011-02-25,134.56,129.7,20.48,19.95,27.5,25.32,17.9,17.12,25.42,24.24
562,2011-02-18,134.69,132.32,20.48,19.95,27.24,26.61,17.65,17.22,25.21,23.94
563,2011-02-04,131.2,127.75,20.0,19.37,27.25,26.43,17.82,17.1,24.32,23.18
564,2011-01-28,130.35,127.51,19.46,19.0,27.5,26.42,17.82,17.27,23.82,22.72
565,2011-01-21,129.64,127.13,19.53,19.05,27.39,26.5,18.48,17.2,24.06,23.13
566,2011-01-14,129.33,126.2,19.39,18.85,28.0,26.82,17.52,16.98,24.81,23.44
567,2010-12-31,126.2,125.04,19.35,19.17,28.24,26.06,17.64,17.2,26.34,26.0
568,2010-12-17,125.23,123.75,19.24,18.81,26.5,25.11,17.38,16.32,26.83,25.61
569,2010-12-10,124.6,122.41,19.19,18.88,26.84,25.4,17.53,17.08,27.67,26.14
570,2010-12-03,123.03,117.74,19.0,18.4,26.5,25.5,17.49,16.9,27.08,25.19
571,2010-11-19,121.05,117.59,18.71,18.05,25.29,24.28,17.55,16.9,25.93,24.99
572,2010-11-05,122.92,117.85,18.7,18.08,24.75,23.75,18.2,17.56,26.12,24.51
573,2010-10-29,119.76,117.26,18.34,18.03,24.64,23.69,18.21,17.61,25.19,23.95
574,2010-10-08,116.86,113.18,18.22,17.78,23.75,23.15,17.9,17.19,25.67,24.54
575,2010-09-24,114.9,112.18,17.99,17.59,23.79,22.99,17.43,16.82,25.4,24.35
576,2010-09-03,110.99,104.49,17.93,17.36,24.26,22.54,16.94,16.48,25.11,23.99
577,2010-08-27,108.57,104.29,17.44,16.78,23.49,21.19,16.67,16.11,24.49,23.04
578,2010-08-13,113.18,107.6,17.45,16.81,21.47,20.03,18.06,15.99,22.94,22.31
579,2010-07-30,112.29,108.98,17.37,17.04,22.29,21.2,16.41,15.85,22.2,20.97
580,2010-07-23,110.57,105.82,17.2,16.82,22.2,19.68,16.25,15.42,22.27,21.48
581,2010-07-16,110.09,106.45,17.29,16.94,20.95,19.78,15.62,15.12,22.88,22.05
582,2010-07-09,107.97,101.88,17.04,16.26,19.25,18.07,15.26,14.51,22.71,21.93
583,2010-07-02,108.32,101.13,17.22,16.38,18.11,18.1,15.95,14.94,24.43,22.68
584,2010-06-25,113.2,106.77,17.9,17.09,18.5,17.94,15.7,15.0,24.22,23.14
585,2010-06-11,109.75,104.65,17.31,16.85,19.04,18.9,15.15,14.4,23.55,22.22
586,2010-06-04,111.06,106.46,17.54,17.08,19.7,18.75,15.34,14.89,23.03,22.08
587,2010-05-28,110.8,104.38,17.48,16.68,19.4,17.87,15.47,14.87,23.03,21.82
588,2010-05-14,117.68,112.87,18.04,17.51,18.77,18.0,16.81,15.34,24.0,21.83
589,2010-05-07,120.68,105.0,18.13,16.85,19.3,18.05,16.6,15.5,22.78,21.47
590,2010-04-30,122.12,118.25,18.16,17.76,19.56,18.5,16.33,15.76,22.53,20.78
591,2010-04-23,121.86,118.47,18.03,17.59,18.68,18.0,16.08,15.42,20.94,20.13
592,2010-04-16,121.57,118.75,18.06,17.68,20.56,18.99,16.17,15.8,21.23,20.18
593,2010-04-09,119.6,117.6,17.98,17.57,18.75,17.46,16.08,15.29,21.32,20.23
594,2010-03-05,114.34,111.17,17.71,17.18,19.06,19.06,15.59,15.02,20.98,19.81
595,2010-02-26,111.58,108.94,17.37,16.81,19.98,19.5,15.5,14.8,20.3,19.14
596,2010-02-19,111.57,107.82,17.36,16.93,20.0,19.01,15.09,14.38,20.57,20.06
597,2010-02-12,108.25,105.81,16.87,16.31,19.03,19.01,14.93,14.36,20.0,18.94
598,2010-02-05,110.59,104.58,16.82,16.17,20.66,20.24,15.37,14.78,19.92,18.31
599,2010-01-29,110.47,107.22,16.8,16.3,20.68,20.0,15.54,15.1,20.26,18.68
600,2010-01-22,115.13,109.09,17.26,16.61,21.0,19.51,15.83,15.1,21.07,19.46
601,2010-01-08,114.62,111.51,17.71,17.44,20.7,19.46,15.92,15.53,22.06,21.13
602,2009-12-31,113.03,111.39,17.44,17.25,21.1,20.02,16.1,15.55,21.11,20.64
603,2009-12-24,112.6,110.76,17.43,17.15,20.9,20.1,15.85,15.66,21.34,20.35
604,2009-12-11,111.53,109.02,17.31,16.79,21.85,21.25,15.74,15.31,22.55,21.42
605,2009-12-04,112.38,108.12,17.74,17.07,22.15,21.26,16.19,15.2,24.61,22.24
606,2009-11-27,111.74,108.29,17.59,16.86,21.59,19.95,15.7,15.19,23.8,22.51
607,2009-11-20,111.69,109.01,17.55,17.18,20.99,19.03,15.98,15.38,23.38,22.49
608,2009-11-13,110.82,107.87,17.29,16.92,20.43,19.39,15.59,14.56,22.76,21.86
609,2009-11-06,107.4,103.08,16.8,16.03,20.1,18.71,15.65,14.36,22.08,19.45
610,2009-10-30,109.31,103.44,17.25,16.06,19.43,18.05,15.99,14.29,21.25,19.11
611,2009-10-09,107.26,102.6,17.22,16.35,19.39,17.54,15.83,14.64,22.25,20.0
612,2009-10-02,107.02,101.99,17.3,16.28,19.08,17.78,15.84,14.94,21.06,19.85
613,2009-09-11,105.3,102.39,17.09,16.56,20.2,19.75,15.8,14.9,22.35,20.53
614,2009-09-04,103.24,99.57,16.68,16.07,19.99,17.45,15.6,14.52,21.99,18.78
615,2009-08-28,104.35,101.94,16.68,16.26,20.21,17.6,15.24,14.31,19.46,18.5
616,2009-08-21,103.13,98.11,16.43,15.83,18.49,17.03,14.88,14.31,18.98,18.1
617,2009-08-14,101.61,99.46,16.45,16.01,17.96,17.0,15.48,14.4,19.18,18.51
618,2009-08-07,102.03,99.31,16.89,16.4,18.17,17.28,14.99,13.79,19.74,19.11
619,2009-07-31,99.83,96.98,16.56,15.85,17.48,16.55,13.75,13.41,19.51,18.03
620,2009-07-24,98.14,94.19,16.36,15.85,17.0,16.01,14.0,12.76,19.97,19.23
621,2009-07-17,94.51,87.59,15.87,14.58,16.5,13.59,13.1,12.51,19.47,17.85
622,2009-07-10,89.93,87.0,15.39,14.51,13.96,13.35,13.58,12.62,19.47,18.12
623,2009-06-26,92.24,88.85,15.88,14.88,14.23,13.77,13.37,12.77,20.62,18.33
624,2009-06-05,95.67,92.76,16.37,15.72,13.94,12.63,13.66,12.7,21.3,19.86
625,2009-05-15,92.11,88.15,15.58,14.8,14.24,13.05,12.82,12.39,20.28,18.67
626,2009-05-01,89.02,84.76,14.63,14.11,13.68,12.94,13.17,12.38,18.66,17.16
627,2009-04-24,87.31,82.75,14.61,13.76,13.18,12.67,12.77,12.25,18.69,17.12
628,2009-04-17,87.65,83.61,14.52,13.91,13.0,12.5,12.99,12.2,18.7,16.64
629,2009-04-09,85.82,81.51,14.1,13.44,13.47,12.3,12.44,12.09,19.15,18.03
630,2009-03-27,83.3,78.31,13.81,13.31,13.43,12.15,11.73,10.58,21.48,19.88
631,2009-03-13,76.98,67.73,12.9,11.45,13.44,13.24,10.85,10.79,19.29,17.17
632,2009-03-06,73.92,67.1,12.17,11.41,13.79,13.01,10.55,9.74,19.9,17.63
633,2009-02-20,82.96,75.77,12.96,11.9,12.99,12.64,11.54,10.71,21.81,20.41
634,2009-02-13,87.74,81.05,13.94,12.98,13.74,12.56,12.82,11.69,21.09,19.24
635,2009-01-30,87.95,82.21,13.67,12.88,14.3,13.48,12.87,12.2,20.52,18.08
636,2009-01-16,88.91,81.72,13.78,12.8,15.01,13.81,13.71,12.59,18.14,16.28
637,2009-01-09,94.45,85.36,14.44,13.66,13.63,13.51,14.23,13.91,18.3,16.5
638,2008-12-19,92.43,86.29,13.5,12.65,13.83,12.72,14.71,14.47,18.8,16.8
639,2008-12-12,92.38,85.2,13.39,12.38,13.56,12.41,14.6,13.89,17.67,14.85
640,2008-11-28,90.13,80.36,14.02,12.4,14.77,11.15,13.73,12.49,15.99,14.08
641,2008-11-21,88.56,74.34,13.75,11.6,15.95,14.07,13.0,11.68,14.57,10.87
642,2008-11-14,95.53,82.09,15.16,13.0,16.15,15.51,14.0,13.0,13.36,10.64
643,2008-10-24,99.1,84.0,15.53,13.0,15.6,14.3,16.19,14.34,13.6,9.32
644,2008-10-10,107.62,83.58,16.0,13.45,14.23,12.53,17.0,14.59,16.87,13.06
645,2008-10-03,119.34,109.68,18.01,16.22,15.2,13.38,19.38,17.7,17.5,14.3
646,2008-09-05,130.71,122.0,20.45,18.84,14.01,12.75,20.88,20.0,16.79,15.05
