,date,USA_confirmed,CAN_confirmed,USA_death,CAN_death,USA_high,USA_low,CAN_high,CAN_low,Travel_high,Travel_low,RealEstate_high,RealEstate_low,PreciousMetals_high,PreciousMetals_low
0,2020-01-22,1,0,0,0,,,,,,,,,,
1,2020-01-23,1,2,0,0,,,,,,,,,,
2,2020-01-24,2,3,0,0,332.95,327.36,26.57,26.34,45.07,44.01,32.6,32.07,16.51,15.83
3,2020-01-25,2,3,0,0,,,,,,,,,,
4,2020-01-26,5,3,0,0,,,,,,,,,,
5,2020-01-27,5,3,0,0,,,,,,,,,,
6,2020-01-28,5,4,0,0,,,,,,,,,,
7,2020-01-29,6,4,0,0,,,,,,,,,,
8,2020-01-30,6,4,0,0,,,,,,,,,,
9,2020-01-31,8,4,0,0,328.63,320.73,26.46,26.0,45.25,43.6,32.54,32.1,16.88,15.97
10,2020-02-01,8,4,0,0,,,,,,,,,,
11,2020-02-02,8,4,0,0,,,,,,,,,,
12,2020-02-03,11,4,0,0,,,,,,,,,,
13,2020-02-04,11,5,0,0,,,,,,,,,,
14,2020-02-05,11,6,0,0,,,,,,,,,,
15,2020-02-06,12,6,0,0,,,,,,,,,,
16,2020-02-07,12,8,0,0,334.19,323.22,26.72,26.1,46.25,44.18,32.9,32.2,16.58,15.98
17,2020-02-08,12,8,0,0,,,,,,,,,,
18,2020-02-09,12,8,0,0,,,,,,,,,,
19,2020-02-10,12,9,0,0,,,,,,,,,,
20,2020-02-11,13,9,0,0,,,,,,,,,,
21,2020-02-12,13,9,0,0,,,,,,,,,,
22,2020-02-13,14,9,0,0,,,,,,,,,,
23,2020-02-14,14,9,0,0,338.12,331.19,26.95,26.55,46.25,43.75,33.76,32.84,16.39,16.04
24,2020-02-15,14,9,0,0,,,,,,,,,,
25,2020-02-16,14,9,0,0,,,,,,,,,,
26,2020-02-17,14,10,0,0,,,,,,,,,,
27,2020-02-18,14,10,0,0,,,,,,,,,,
28,2020-02-19,14,10,0,0,,,,,,,,,,
29,2020-02-20,14,11,0,0,,,,,,,,,,
30,2020-02-21,16,13,0,0,339.08,332.58,27.05,26.82,44.4,43.79,33.67,33.14,17.67,16.36
31,2020-02-22,16,14,0,0,,,,,,,,,,
32,2020-02-23,16,15,0,0,,,,,,,,,,
33,2020-02-24,16,16,0,0,,,,,,,,,,
34,2020-02-25,16,19,0,0,,,,,,,,,,
35,2020-02-26,16,20,0,0,,,,,,,,,,
36,2020-02-27,17,22,0,0,,,,,,,,,,
37,2020-02-28,17,28,0,0,333.56,285.54,26.31,23.86,44.29,39.78,33.12,29.64,18.43,14.88
38,2020-02-29,25,33,1,0,,,,,,,,,,
39,2020-03-01,32,38,1,0,,,,,,,,,,
40,2020-03-02,55,45,6,0,,,,,,,,,,
41,2020-03-03,74,51,7,0,,,,,,,,,,
42,2020-03-04,107,59,11,0,,,,,,,,,,
43,2020-03-05,184,71,12,0,,,,,,,,,,
44,2020-03-06,237,90,14,0,313.84,290.23,25.17,24.02,43.92,40.02,32.14,30.25,17.75,15.57
45,2020-03-07,403,98,17,0,,,,,,,,,,
46,2020-03-08,519,120,21,0,,,,,,,,,,
47,2020-03-09,594,144,22,1,,,,,,,,,,
48,2020-03-10,782,165,28,1,,,,,,,,,,
49,2020-03-11,1147,228,33,1,,,,,,,,,,
50,2020-03-12,1586,289,43,1,,,,,,,,,,
51,2020-03-13,2219,386,51,1,288.52,247.68,22.9,18.73,44.31,33.43,30.88,26.84,17.02,11.62
52,2020-03-14,2978,453,58,1,,,,,,,,,,
53,2020-03-15,3212,549,70,1,,,,,,,,,,
54,2020-03-16,4679,700,97,4,,,,,,,,,,
55,2020-03-17,6512,854,134,6,,,,,,,,,,
56,2020-03-18,9169,1097,194,11,,,,,,,,,,
57,2020-03-19,13663,1349,266,12,,,,,,,,,,
58,2020-03-20,20030,1692,372,15,256.9,228.02,20.05,17.48,36.99,31.86,26.66,23.07,15.78,10.25
59,2020-03-21,26025,2195,475,18,,,,,,,,,,
60,2020-03-22,34944,2652,603,22,,,,,,,,,,
61,2020-03-23,46096,3298,790,29,,,,,,,,,,
62,2020-03-24,56714,3997,1033,34,,,,,,,,,,
63,2020-03-25,68841,4570,1366,47,,,,,,,,,,
64,2020-03-26,86662,5511,1783,59,,,,,,,,,,
65,2020-03-27,105253,6380,2305,66,262.8,218.26,21.11,17.23,35.7,30.57,26.15,22.24,16.94,13.5
66,2020-03-28,127417,7310,3018,83,,,,,,,,,,
67,2020-03-29,143544,8246,3573,98,,,,,,,,,,
68,2020-03-30,165698,9478,4280,117,,,,,,,,,,
69,2020-03-31,192079,10711,5359,152,,,,,,,,,,
70,2020-04-01,227893,12023,6996,175,,,,,,,,,,
71,2020-04-02,260169,13742,8545,224,,,,,,,,,,
72,2020-04-03,292609,15074,9973,277,263.33,243.9,20.92,19.32,34.37,31.6,26.24,24.06,16.38,14.6
73,2020-04-04,324328,16410,11593,360,,,,,,,,,,
74,2020-04-05,353103,17599,13216,435,,,,,,,,,,
75,2020-04-06,385094,19100,14979,503,,,,,,,,,,
76,2020-04-07,415244,20488,17585,581,,,,,,,,,,
77,2020-04-08,446488,21724,19737,670,,,,,,,,,,
78,2020-04-09,482510,23104,21993,773,281.2,248.17,21.96,20.55,37.39,33.32,28.39,24.74,18.08,16.16
79,2020-04-10,516699,24248,24207,867,,,,,,,,,,
80,2020-04-11,545678,25624,26311,986,,,,,,,,,,
81,2020-04-12,571536,26966,28194,1095,,,,,,,,,,
82,2020-04-13,598780,28763,30195,1225,,,,,,,,,,
83,2020-04-14,627277,30452,32676,1361,,,,,,,,,,
84,2020-04-15,653652,32199,35300,1515,,,,,,,,,,
85,2020-04-16,683325,33965,37487,1651,,,,,,,,,,
86,2020-04-17,716473,36091,39591,1798,287.3,271.41,22.06,21.25,40.61,35.25,28.09,26.87,20.0,17.58
87,2020-04-18,743798,37617,41534,1937,,,,,,,,,,
88,2020-04-19,768833,39317,43501,2107,,,,,,,,,,
89,2020-04-20,799486,41029,45787,2251,,,,,,,,,,
90,2020-04-21,825427,42619,48239,2412,,,,,,,,,,
91,2020-04-22,855373,44465,50704,2576,,,,,,,,,,
92,2020-04-23,887423,46274,53132,2757,,,,,,,,,,
93,2020-04-24,918920,47914,55196,2931,286.79,272.02,22.24,21.34,41.25,39.27,27.4,26.35,22.07,19.03
94,2020-04-25,949511,49496,56935,3112,,,,,,,,,,
95,2020-04-26,975376,50707,58350,3249,,,,,,,,,,
96,2020-04-27,1000114,52363,59837,3428,,,,,,,,,,
97,2020-04-28,1024641,53886,62069,3635,,,,,,,,,,
98,2020-04-29,1051440,55575,64443,3843,,,,,,,,,,
99,2020-04-30,1080999,57214,66635,4055,,,,,,,,,,
100,2020-05-01,1115845,59025,68515,4236,294.88,281.52,23.32,22.05,41.98,38.27,27.78,26.76,21.83,19.99
101,2020-05-02,1142454,60381,70258,4412,,,,,,,,,,
102,2020-05-03,1166033,61640,71461,4558,,,,,,,,,,
103,2020-05-04,1190053,63016,72831,4764,,,,,,,,,,
104,2020-05-05,1214105,64411,75010,4936,,,,,,,,,,
105,2020-05-06,1238495,65927,77331,5108,,,,,,,,,,
106,2020-05-07,1266120,67198,79237,5256,,,,,,,,,,
107,2020-05-08,1293257,68398,81006,5414,292.95,279.13,23.03,22.21,41.06,39.35,27.07,26.41,22.45,21.26
108,2020-05-09,1317402,69544,82477,5576,,,,,,,,,,
109,2020-05-10,1336095,70582,83478,5704,,,,,,,,,,
110,2020-05-11,1355353,71606,84504,5836,,,,,,,,,,
111,2020-05-12,1378837,72723,86096,5979,,,,,,,,,,
112,2020-05-13,1398905,73950,87791,6091,,,,,,,,,,
113,2020-05-14,1424783,75060,89560,6213,,,,,,,,,,
114,2020-05-15,1449610,76331,91188,6337,294.24,272.99,23.32,21.85,41.72,39.49,27.25,25.03,23.2,21.15
115,2020-05-16,1473495,77486,92357,6452,,,,,,,,,,
116,2020-05-17,1492122,78694,93172,6542,,,,,,,,,,
117,2020-05-18,1514513,79780,94394,6637,,,,,,,,,,
118,2020-05-19,1535062,80782,95822,6714,,,,,,,,,,
119,2020-05-20,1557900,82038,97292,6832,,,,,,,,,,
120,2020-05-21,1582993,83153,98474,6933,,,,,,,,,,
121,2020-05-22,1606824,84243,99678,7036,297.87,291.95,23.07,22.47,42.92,39.42,26.24,25.66,23.1,21.35
122,2020-05-23,1626709,85150,100756,7129,,,,,,,,,,
123,2020-05-24,1646821,86103,101395,7218,,,,,,,,,,
124,2020-05-25,1665995,87067,101995,7312,,,,,,,,,,
125,2020-05-26,1684687,87834,102648,7400,,,,,,,,,,
126,2020-05-27,1703488,88719,104100,7497,,,,,,,,,,
127,2020-05-28,1724617,89506,105166,7614,,,,,,,,,,
128,2020-05-29,1749394,90575,106275,7714,306.84,295.46,23.34,22.73,43.49,41.6,27.32,26.42,22.14,19.52
129,2020-05-30,1772108,91337,107223,7772,,,,,,,,,,
130,2020-05-31,1790871,92067,107846,7828,,,,,,,,,,
131,2020-06-01,1808724,92863,108613,7875,,,,,,,,,,
132,2020-06-02,1828784,93490,109584,7926,,,,,,,,,,
133,2020-06-03,1847869,94172,110584,7982,,,,,,,,,,
134,2020-06-04,1875676,94754,111582,8047,,,,,,,,,,
135,2020-06-05,1902014,95281,112452,8092,321.27,303.06,24.09,23.0,44.89,41.74,29.0,27.2,20.79,18.14
136,2020-06-06,1922168,95805,113090,8152,,,,,,,,,,
137,2020-06-07,1939976,96217,113550,8193,,,,,,,,,,
138,2020-06-08,1956893,96668,114052,8239,,,,,,,,,,
139,2020-06-09,1977230,97102,114961,8275,,,,,,,,,,
140,2020-06-10,1999006,97592,115819,8305,,,,,,,,,,
141,2020-06-11,2021315,98004,116630,8337,,,,,,,,,,
142,2020-06-12,2046869,98465,117453,8367,323.41,298.6,24.21,22.8,43.75,41.0,29.17,27.23,20.65,18.67
143,2020-06-13,2070998,98806,118159,8395,,,,,,,,,,
144,2020-06-14,2089949,99108,118507,8418,,,,,,,,,,
145,2020-06-15,2111054,99485,118905,8445,,,,,,,,,,
146,2020-06-16,2135693,99844,119681,8464,,,,,,,,,,
147,2020-06-17,2162775,100232,120422,8485,,,,,,,,,,
148,2020-06-18,2191015,100638,121119,8495,,,,,,,,,,
149,2020-06-19,2222001,101026,121750,8519,315.64,296.74,23.83,22.72,44.7,41.15,28.73,27.54,20.01,18.59
150,2020-06-20,2253863,101341,122313,8554,,,,,,,,,,
151,2020-06-21,2279721,101649,122632,8575,,,,,,,,,,
152,2020-06-22,2309713,102004,123011,8589,,,,,,,,,,
153,2020-06-23,2348600,102322,123741,8613,,,,,,,,,,
154,2020-06-24,2384909,102642,124496,8641,,,,,,,,,,
155,2020-06-25,2424261,102936,125047,8661,,,,,,,,,,
156,2020-06-26,2473332,103263,125676,8668,314.5,299.42,23.79,22.97,43.5,41.63,27.66,26.65,21.0,20.15
157,2020-06-27,2514150,103665,126175,8680,,,,,,,,,,
158,2020-06-28,2557064,103978,126498,8690,,,,,,,,,,
159,2020-06-29,2598614,104274,126869,8707,,,,,,,,,,
160,2020-06-30,2648653,104608,127418,8722,,,,,,,,,,
161,2020-07-01,2697986,104830,128120,8732,,,,,,,,,,
162,2020-07-02,2753061,105179,128862,8749,,,,,,,,,,
163,2020-07-03,2804706,105497,129541,8755,,,,,,,,,,
164,2020-07-04,2850721,105725,129848,8764,,,,,,,,,,
165,2020-07-05,2904666,105882,130171,8769,,,,,,,,,,
166,2020-07-06,2948305,106234,130556,8782,,,,,,,,,,
167,2020-07-07,3005730,106547,131700,8790,,,,,,,,,,
168,2020-07-08,3066215,106868,132542,8807,,,,,,,,,,
169,2020-07-09,3126022,107202,133578,8818,,,,,,,,,,
170,2020-07-10,3194764,107550,134383,8829,317.88,310.68,23.99,23.35,45.9,43.26,27.96,26.67,22.85,21.29
171,2020-07-11,3255184,107790,135136,8838,,,,,,,,,,
172,2020-07-12,3315401,108004,135613,8842,,,,,,,,,,
173,2020-07-13,3375026,108546,136056,8850,,,,,,,,,,
174,2020-07-14,3440762,108972,136951,8854,,,,,,,,,,
175,2020-07-15,3507051,109378,137912,8868,,,,,,,,,,
176,2020-07-16,3577810,109860,138883,8879,,,,,,,,,,
177,2020-07-17,3644250,110389,139806,8892,323.04,312.0,24.53,23.69,46.75,45.02,27.29,26.82,22.9,21.59
178,2020-07-18,3708557,110773,140696,8896,,,,,,,,,,
179,2020-07-19,3767546,111026,141179,8900,,,,,,,,,,
180,2020-07-20,3828431,111821,141710,8904,,,,,,,,,,
181,2020-07-21,3896716,112281,142806,8909,,,,,,,,,,
182,2020-07-22,3964163,112663,144030,8914,,,,,,,,,,
183,2020-07-23,4031940,113399,145106,8922,,,,,,,,,,
184,2020-07-24,4106884,113836,146196,8928,327.23,319.246,24.76,24.15,46.84,45.29,27.02,26.52,24.15,23.05
185,2020-07-25,4170629,114172,147164,8931,,,,,,,,,,
186,2020-07-26,4226251,114479,147703,8935,,,,,,,,,,
187,2020-07-27,4286252,115110,148814,8948,,,,,,,,,,
188,2020-07-28,4350805,115487,150026,8957,,,,,,,,,,
189,2020-07-29,4414863,115988,151460,8962,,,,,,,,,,
190,2020-07-30,4484050,116434,152756,8975,,,,,,,,,,
191,2020-07-31,4548417,116886,153924,8981,326.63,319.64,24.74,24.27,47.57,45.8,27.44,26.5,25.57,23.68
192,2020-08-01,4605818,117140,155040,8985,,,,,,,,,,
193,2020-08-02,4652699,117324,155505,8988,,,,,,,,,,
194,2020-08-03,4694612,117591,156070,8988,,,,,,,,,,
195,2020-08-04,4756244,118280,157321,8997,,,,,,,,,,
196,2020-08-05,4810380,118638,158743,9002,,,,,,,,,,
197,2020-08-06,4870432,118971,159931,9009,,,,,,,,,,
198,2020-08-07,4930872,119413,161223,9014,334.88,327.73,25.13,24.56,46.87,45.14,27.71,27.18,26.0,24.32
199,2020-08-08,4994642,119652,162312,9017,,,,,,,,,,
200,2020-08-09,5048803,119875,162889,9021,,,,,,,,,,
201,2020-08-10,5100450,120458,163414,9028,,,,,,,,,,
202,2020-08-11,5157323,120820,164491,9034,,,,,,,,,,
203,2020-08-12,5212551,121153,166000,9039,,,,,,,,,,
204,2020-08-13,5264005,121647,167034,9044,,,,,,,,,,
205,2020-08-14,5334090,122059,168338,9048,338.28,332.01,25.35,24.97,46.5,44.75,27.99,27.23,25.24,22.27
206,2020-08-15,5386407,122269,169376,9054,,,,,,,,,,
207,2020-08-16,5420980,122444,169991,9059,,,,,,,,,,
208,2020-08-17,5458980,122648,170469,9061,,,,,,,,,,
209,2020-08-18,5503971,123551,171696,9074,,,,,,,,,,
210,2020-08-19,5549880,123906,172381,9079,,,,,,,,,,
211,2020-08-20,5595007,124152,173481,9082,,,,,,,,,,
212,2020-08-21,5642915,124857,174576,9096,339.72,335.22,25.35,25.02,46.0,45.06,27.42,26.95,25.09,23.25
213,2020-08-22,5688183,125060,175531,9097,,,,,,,,,,
214,2020-08-23,5720077,125323,176037,9101,,,,,,,,,,
215,2020-08-24,5754168,126064,176470,9109,,,,,,,,,,
216,2020-08-25,5796722,126435,177693,9114,,,,,,,,,,
217,2020-08-26,5838907,126919,178851,9118,,,,,,,,,,
218,2020-08-27,5889336,127394,179958,9123,,,,,,,,,,
219,2020-08-28,5935649,127956,180880,9135,350.72,339.4504,25.44,24.96,45.97,43.8,27.55,27.2,24.06,22.69
220,2020-08-29,5978697,128283,181842,9137,,,,,,,,,,
221,2020-08-30,6012856,128561,182282,9139,,,,,,,,,,
222,2020-08-31,6046385,129594,182764,9147,,,,,,,,,,
223,2020-09-01,6088351,130131,183831,9151,,,,,,,,,,
224,2020-09-02,6128457,130698,184885,9153,,,,,,,,,,
225,2020-09-03,6173652,131350,185907,9158,,,,,,,,,,
226,2020-09-04,6222305,131988,186858,9158,358.75,334.87,25.3,24.29,46.7,42.5,27.76,27.0,24.44,22.62
227,2020-09-05,6265514,132368,187651,9159,,,,,,,,,,
228,2020-09-06,6294582,132799,188087,9161,,,,,,,,,,
229,2020-09-07,6319284,133216,188410,9163,,,,,,,,,,
230,2020-09-08,6346379,134694,188883,9170,,,,,,,,,,
231,2020-09-09,6380213,135200,189983,9174,,,,,,,,,,
232,2020-09-10,6419842,136182,190892,9182,,,,,,,,,,
233,2020-09-11,6464662,136997,192034,9181,342.64,331.0,24.83,24.1,46.93,44.09,27.55,27.07,24.63,22.57
234,2020-09-12,6510241,137636,192771,9184,,,,,,,,,,
235,2020-09-13,6550538,138212,193165,9188,,,,,,,,,,
236,2020-09-14,6583453,139541,193586,9200,,,,,,,,,,
237,2020-09-15,6620871,140471,194777,9207,,,,,,,,,,
238,2020-09-16,6659224,141475,195710,9212,,,,,,,,,,
239,2020-09-17,6704663,142590,196560,9219,,,,,,,,,,
240,2020-09-18,6754871,143871,197518,9229,343.06,327.97,24.91,24.25,46.94,43.01,28.22,27.38,24.88,23.53
241,2020-09-19,6800489,144837,198184,9236,,,,,,,,,,
242,2020-09-20,6842072,145771,198449,9239,,,,,,,,,,
243,2020-09-21,6874355,147451,198861,9250,,,,,,,,,,
244,2020-09-22,6912643,148664,199882,9258,,,,,,,,,,
245,2020-09-23,6953861,150089,200933,9267,,,,,,,,,,
246,2020-09-24,7002806,151519,201821,9276,,,,,,,,,,
247,2020-09-25,7049823,153313,202735,9283,331.2,319.8,24.51,23.78,47.5,44.05,27.07,26.3,23.39,21.54
248,2020-09-26,7093267,154946,203497,9288,,,,,,,,,,
249,2020-09-27,7126957,156404,203801,9294,,,,,,,,,,
250,2020-09-28,7165034,158607,204141,9311,,,,,,,,,,
251,2020-09-29,7207299,160539,205035,9325,,,,,,,,,,
252,2020-09-30,7246198,162560,205940,9343,,,,,,,,,,
253,2020-10-01,7292553,164444,206836,9359,,,,,,,,,,
254,2020-10-02,7346075,166611,207673,9449,338.74,331.19,24.7,24.18,47.26,45.53,27.6,26.81,23.11,22.26
255,2020-10-03,7395389,168372,208345,9501,,,,,,,,,,
256,2020-10-04,7428723,170033,208714,9519,,,,,,,,,,
257,2020-10-05,7466697,172452,209189,9544,,,,,,,,,,
258,2020-10-06,7511652,174611,209877,9566,,,,,,,,,,
259,2020-10-07,7561171,176719,210783,9585,,,,,,,,,,
260,2020-10-08,7619359,179121,211756,9603,,,,,,,,,,
261,2020-10-09,7674675,181576,212718,9617,347.35,334.38,25.14,24.52,46.74,45.32,27.8,27.39,23.13,21.87
262,2020-10-10,7729850,183330,213365,9643,,,,,,,,,,
263,2020-10-11,7776671,185227,213828,9657,,,,,,,,,,
264,2020-10-12,7819645,186752,214223,9672,,,,,,,,,,
265,2020-10-13,7870236,190222,214963,9700,,,,,,,,,,
266,2020-10-14,7929321,192761,215952,9723,,,,,,,,,,
267,2020-10-15,7993123,195254,216792,9740,,,,,,,,,,
268,2020-10-16,8063395,197694,217725,9770,354.02,343.13,25.06,24.61,45.55,44.32,27.43,26.9,23.48,22.43
269,2020-10-17,8118148,199477,218514,9787,,,,,,,,,,
270,2020-10-18,8170382,201410,218996,9805,,,,,,,,,,
271,2020-10-19,8239137,204551,219507,9838,,,,,,,,,,
272,2020-10-20,8301628,207028,220459,9855,,,,,,,,,,
273,2020-10-21,8362932,209687,221627,9893,,,,,,,,,,
274,2020-10-22,8443097,212235,222488,9924,,,,,,,,,,
275,2020-10-23,8525158,215340,223444,9953,349.33,340.65,24.89,24.32,44.81,43.01,26.88,26.53,22.95,21.9
276,2020-10-24,8603139,217354,224416,9980,,,,,,,,,,
277,2020-10-25,8663469,219284,224868,10009,,,,,,,,,,
278,2020-10-26,8728012,223514,225425,10043,,,,,,,,,,
279,2020-10-27,8806934,226263,226447,10070,,,,,,,,,,
280,2020-10-28,8895223,229139,227489,10107,,,,,,,,,,
281,2020-10-29,8987910,232095,228484,10140,,,,,,,,,,
282,2020-10-30,9088391,235522,229555,10185,342.98,322.6,24.45,23.26,43.21,40.47,26.61,25.65,22.35,21.02
283,2020-10-31,9175085,237844,230494,10226,,,,,,,,,,
284,2020-11-01,9253145,240361,231003,10263,,,,,,,,,,
285,2020-11-02,9337147,243665,231601,10292,,,,,,,,,,
286,2020-11-03,9463953,248386,233226,10349,,,,,,,,,,
287,2020-11-04,9566035,251245,234344,10391,,,,,,,,,,
288,2020-11-05,9696019,255285,235535,10434,,,,,,,,,,
289,2020-11-06,9825013,260094,236754,10490,352.19,327.24,24.61,23.44,46.2,41.21,26.97,25.99,23.75,21.81
290,2020-11-07,9952087,264324,237880,10537,,,,,,,,,,
291,2020-11-08,10071444,268276,238455,10589,,,,,,,,,,
292,2020-11-09,10191037,273167,239258,10647,,,,,,,,,,
293,2020-11-10,10330292,277808,240698,10709,,,,,,,,,,
294,2020-11-11,10479829,281928,242160,10770,,,,,,,,,,
295,2020-11-12,10639414,287419,243402,10846,,,,,,,,,,
296,2020-11-13,10818216,292283,244630,10895,364.38,350.51,25.43,24.78,46.7,44.97,28.69,27.5,22.18,20.83
297,2020-11-14,10980841,296568,245999,10958,,,,,,,,,,
298,2020-11-15,11119294,300673,246789,11031,,,,,,,,,,
299,2020-11-16,11275257,306491,247666,11105,,,,,,,,,,
300,2020-11-17,11442384,310914,249412,11171,,,,,,,,,,
301,2020-11-18,11615750,315628,251351,11273,,,,,,,,,,
302,2020-11-19,11807593,320643,253365,11346,,,,,,,,,,
303,2020-11-20,12008807,325716,255341,11411,362.78,354.15,25.8,25.27,45.79,43.29,28.9,28.27,21.49,19.89
304,2020-11-21,12186182,330545,256972,11479,,,,,,,,,,
305,2020-11-22,12331362,335179,258048,11537,,,,,,,,,,
306,2020-11-23,12515966,341951,259188,11614,,,,,,,,,,
307,2020-11-24,12690781,347381,261375,11705,,,,,,,,,,
308,2020-11-25,12872061,353026,263633,11798,,,,,,,,,,
309,2020-11-26,12984743,358888,265026,11884,,,,,,,,,,
310,2020-11-27,13199985,364757,266646,11967,364.18,354.865,26.14,25.79,45.65,43.0,28.51,28.11,20.01,18.76
311,2020-11-28,13367272,370341,268055,12040,,,,,,,,,,
312,2020-11-29,13506878,375794,269103,12117,,,,,,,,,,
313,2020-11-30,13665587,383468,270481,12223,,,,,,,,,,
314,2020-12-01,13864284,389268,273042,12300,,,,,,,,,,
315,2020-12-02,14061346,395636,275819,12407,,,,,,,,,,
316,2020-12-03,14280765,402165,278727,12498,,,,,,,,,,
317,2020-12-04,14516011,408988,281393,12594,369.85,359.17,26.24,25.72,44.97,43.02,28.19,27.82,20.21,18.86
318,2020-12-05,14735726,415171,283786,12673,,,,,,,,,,
319,2020-12-06,14913815,421102,285206,12753,,,,,,,,,,
320,2020-12-07,15110349,428917,286848,12878,,,,,,,,,,
321,2020-12-08,15337692,435178,289448,12974,,,,,,,,,,
322,2020-12-09,15553462,441542,292395,13084,,,,,,,,,,
323,2020-12-10,15789185,448106,295310,13207,,,,,,,,,,
324,2020-12-11,16026127,455124,298645,13340,371.05,363.26,26.5,26.11,45.19,43.92,28.18,27.38,20.46,19.4
325,2020-12-12,16248710,461299,301150,13437,,,,,,,,,,
326,2020-12-13,16439335,467291,302746,13518,,,,,,,,,,
327,2020-12-14,16649806,475836,304442,13661,,,,,,,,,,
328,2020-12-15,16876996,482187,307343,13768,,,,,,,,,,
329,2020-12-16,17111231,489005,311026,13896,,,,,,,,,,
330,2020-12-17,17350395,496390,314444,14044,,,,,,,,,,
331,2020-12-18,17596917,503584,317373,14166,372.46,364.47,26.53,26.08,45.57,44.28,28.1,27.3,20.69,19.0
332,2020-12-19,17801779,509757,320109,14268,,,,,,,,,,
333,2020-12-20,17987945,515826,321808,14357,,,,,,,,,,
334,2020-12-21,18185561,523454,323635,14467,,,,,,,,,,
335,2020-12-22,18391306,529978,326966,14588,,,,,,,,,,
336,2020-12-23,18612139,536667,330277,14733,,,,,,,,,,
337,2020-12-24,18823674,543020,333135,14877,378.46,362.03,26.49,25.95,45.87,44.26,27.79,27.3,20.47,19.67
338,2020-12-25,18949189,548944,334633,14983,,,,,,,,,,
339,2020-12-26,19167150,554321,336545,15083,,,,,,,,,,
340,2020-12-27,19303295,559865,337976,15206,,,,,,,,,,
341,2020-12-28,19478078,566135,339875,15318,,,,,,,,,,
342,2020-12-29,19684734,575540,343449,15520,,,,,,,,,,
343,2020-12-30,19903508,583254,347305,15625,,,,,,,,,,
344,2020-12-31,20217290,590249,350555,15736,374.66,370.83,26.5,26.07,45.08,43.5,28.11,27.43,20.14,19.64
345,2021-01-01,20394859,596582,352760,15819,,,,,,,,,,
346,2021-01-02,20667306,602396,355281,15922,,,,,,,,,,
347,2021-01-03,20870471,612021,356707,15992,,,,,,,,,,
348,2021-01-04,21057409,621738,358723,16224,,,,,,,,,,
349,2021-01-05,21289485,629266,362295,16370,,,,,,,,,,
350,2021-01-06,21549360,638177,366169,16506,,,,,,,,,,
351,2021-01-07,21834373,647408,370168,16689,,,,,,,,,,
352,2021-01-08,22137353,656298,374321,16819,381.49,364.82,27.12,26.06,44.5,42.65,27.97,27.04,21.33,19.74
353,2021-01-09,22400698,663188,377523,16949,,,,,,,,,,
354,2021-01-10,22610617,669592,379612,17065,,,,,,,,,,
355,2021-01-11,22815290,677012,381469,17190,,,,,,,,,,
356,2021-01-12,23037555,683815,385842,17338,,,,,,,,,,
357,2021-01-13,23266271,690906,389829,17519,,,,,,,,,,
358,2021-01-14,23501220,697925,393604,17666,,,,,,,,,,
359,2021-01-15,23745603,704874,397420,17843,381.13,373.7,27.12,26.79,42.9,36.9,27.55,26.79,20.05,19.12
360,2021-01-16,23962514,710675,400971,17957,,,,,,,,,,
361,2021-01-17,24138649,715559,402953,18097,,,,,,,,,,
362,2021-01-18,24279920,721604,404534,18222,,,,,,,,,,
363,2021-01-19,24436911,726920,406937,18360,,,,,,,,,,
364,2021-01-20,24624589,732754,411326,18548,,,,,,,,,,
365,2021-01-21,24816657,738597,415429,18688,,,,,,,,,,
366,2021-01-22,25008107,744265,419206,18864,384.95,376.75,27.09,26.69,40.81,38.07,27.77,27.26,19.81,18.96
367,2021-01-23,25185351,748567,422729,18981,,,,,,,,,,
368,2021-01-24,25325133,752507,424555,19111,,,,,,,,,,
369,2021-01-25,25455162,757859,426337,19237,,,,,,,,,,
370,2021-01-26,25606438,762223,430316,19380,,,,,,,,,,
371,2021-01-27,25761642,766674,434380,19465,,,,,,,,,,
372,2021-01-28,25928352,771318,438187,19665,,,,,,,,,,
373,2021-01-29,26091664,776006,441750,19802,385.85,368.27,26.89,25.92,39.95,38.64,28.02,27.33,19.66,18.49
374,2021-01-30,26242032,779709,444607,19943,,,,,,,,,,
375,2021-01-31,26354585,782912,446538,20033,,,,,,,,,,
376,2021-02-01,26480480,786923,448319,20137,,,,,,,,,,
377,2021-02-02,26597951,790553,451855,20214,,,,,,,,,,
378,2021-02-03,26722383,794154,455719,20356,,,,,,,,,,
379,2021-02-04,26847036,798083,459602,20514,,,,,,,,,,
380,2021-02-05,26977462,802047,463263,20610,388.47,370.376,27.21,26.18,41.37,39.42,28.37,27.62,19.8,18.39
381,2021-02-06,27093703,805018,465990,20703,,,,,,,,,,
382,2021-02-07,27182868,807596,467452,20768,,,,,,,,,,
383,2021-02-08,27266071,811102,468902,20836,,,,,,,,,,
384,2021-02-09,27361773,814050,471934,20910,,,,,,,,,,
385,2021-02-10,27457477,817659,475295,21005,,,,,,,,,,
386,2021-02-11,27563645,821035,478454,21089,,,,,,,,,,
387,2021-02-12,27663216,824345,481292,21163,392.9,387.5,27.78,27.32,40.35,38.91,28.62,28.2,19.56,18.72
388,2021-02-13,27753544,826866,483543,21229,,,,,,,,,,
389,2021-02-14,27821734,829076,484694,21294,,,,,,,,,,
390,2021-02-15,27877900,831044,485641,21325,,,,,,,,,,
391,2021-02-16,27937723,835022,487285,21398,,,,,,,,,,
392,2021-02-17,28006714,837883,489692,21436,,,,,,,,,,
393,2021-02-18,28078962,841333,492250,21499,,,,,,,,,,
394,2021-02-19,28153834,844478,494766,21577,394.17,387.74,27.92,27.44,40.0,38.09,28.6,28.15,18.91,17.46
395,2021-02-20,28227371,847051,496681,21631,,,,,,,,,,
396,2021-02-21,28282618,849459,497891,21675,,,,,,,,,,
397,2021-02-22,28338691,853033,499101,21724,,,,,,,,,,
398,2021-02-23,28412512,856056,501359,21763,,,,,,,,,,
399,2021-02-24,28487527,859115,504575,21808,,,,,,,,,,
400,2021-02-25,28564604,862268,506988,21866,,,,,,,,,,
401,2021-02-26,28639546,865383,509119,21916,392.23,378.23,27.81,26.88,38.75,37.6,28.61,28.09,18.28,16.76
402,2021-02-27,28710354,867885,510632,21961,,,,,,,,,,
403,2021-02-28,28762007,870022,511718,21995,,,,,,,,,,
404,2021-03-01,28812162,873534,513035,22018,,,,,,,,,,
405,2021-03-02,28870829,876588,514948,22046,,,,,,,,,,
406,2021-03-03,28937911,879540,517470,22106,,,,,,,,,,
407,2021-03-04,29006390,882779,519394,22152,,,,,,,,,,
408,2021-03-05,29073593,886094,521108,22193,390.92,371.88,27.68,26.97,40.71,38.6,28.33,27.32,17.56,16.69
409,2021-03-06,29134340,888748,522627,22214,,,,,,,,,,
410,2021-03-07,29175880,891117,523329,22240,,,,,,,,,,
411,2021-03-08,29220679,894883,524048,22277,,,,,,,,,,
412,2021-03-09,29276504,897914,525809,22305,,,,,,,,,,
413,2021-03-10,29334222,901124,527345,22336,,,,,,,,,,
414,2021-03-11,29395982,904562,528887,22372,,,,,,,,,,
415,2021-03-12,29458265,908333,530310,22405,395.65,381.42,28.35,27.6,42.25,40.42,28.46,27.75,18.08,17.21
416,2021-03-13,29514531,911149,531277,22435,,,,,,,,,,
417,2021-03-14,29553094,913552,531792,22464,,,,,,,,,,
418,2021-03-15,29604658,917437,532498,22496,,,,,,,,,,
419,2021-03-16,29659733,920915,533749,22520,,,,,,,,,,
420,2021-03-17,29719615,924545,534943,22555,,,,,,,,,,
421,2021-03-18,29781821,928472,536574,22591,,,,,,,,,,
422,2021-03-19,29842733,932819,537597,22618,398.12,387.15,28.61,28.18,42.38,39.77,28.8,28.44,18.7,18.01
423,2021-03-20,29900983,936138,538367,22644,,,,,,,,,,
424,2021-03-21,29936390,939245,539074,22677,,,,,,,,,,
425,2021-03-22,29984825,944332,539628,22717,,,,,,,,,,
426,2021-03-23,30037586,948376,540572,22736,,,,,,,,,,
427,2021-03-24,30125421,953373,542034,22760,,,,,,,,,,
428,2021-03-25,30192809,958540,543379,22791,,,,,,,,,,
429,2021-03-26,30268948,964151,544535,22827,396.41,383.9,28.35,27.9,40.98,39.58,29.11,28.35,18.51,17.52
430,2021-03-27,30332732,968273,545340,22853,,,,,,,,,,
431,2021-03-28,30379104,972301,545782,22881,,,,,,,,,,
432,2021-03-29,30445777,978910,546418,22901,,,,,,,,,,
433,2021-03-30,30508000,984144,547309,22927,,,,,,,,,,
434,2021-03-31,30577410,990662,548380,22960,,,,,,,,,,
435,2021-04-01,30654261,997016,549480,23003,400.67,392.81,28.63,28.1,41.45,39.77,29.22,28.75,18.51,17.53
436,2021-04-02,30728143,1001635,550372,23031,,,,,,,,,,
437,2021-04-03,30792639,1007597,551128,23051,,,,,,,,,,
438,2021-04-04,30830506,1011978,551441,23075,,,,,,,,,,
439,2021-04-05,30898757,1019494,551907,23096,,,,,,,,,,
440,2021-04-06,30962146,1030673,552739,23142,,,,,,,,,,
441,2021-04-07,31037903,1038829,555341,23174,,,,,,,,,,
442,2021-04-08,31117746,1047704,556353,23212,,,,,,,,,,
443,2021-04-09,31202164,1056897,557256,23252,411.67,403.38,28.98,28.68,42.34,40.6,29.7,29.15,19.02,18.4
444,2021-04-10,31272509,1064862,558016,23288,,,,,,,,,,
445,2021-04-11,31319834,1072047,558308,23316,,,,,,,,,,
446,2021-04-12,31383063,1082418,558761,23357,,,,,,,,,,
447,2021-04-13,31463754,1090614,559625,23393,,,,,,,,,,
448,2021-04-14,31538736,1099978,560562,23446,,,,,,,,,,
449,2021-04-15,31612955,1109734,561469,23501,,,,,,,,,,
450,2021-04-16,31695724,1118002,562339,23542,417.91,410.2,29.21,28.9,42.26,41.32,30.15,29.29,19.7,18.58
451,2021-04-17,31751079,1125830,563048,23592,,,,,,,,,,
452,2021-04-18,31794899,1133021,563398,23624,,,,,,,,,,
453,2021-04-19,31854769,1142625,563894,23668,,,,,,,,,,
454,2021-04-20,31917074,1150528,564731,23714,,,,,,,,,,
455,2021-04-21,31981785,1158744,565629,23764,,,,,,,,,,
456,2021-04-22,32047969,1167777,566570,23823,,,,,,,,,,
457,2021-04-23,32110642,1176003,567333,23884,418.25,410.59,29.2,28.58,42.65,41.66,30.6,29.98,20.29,19.4
458,2021-04-24,32164929,1183187,568083,23928,,,,,,,,,,
459,2021-04-25,32199330,1189788,568392,23966,,,,,,,,,,
460,2021-04-26,32242639,1198434,568873,24025,,,,,,,,,,
461,2021-04-27,32294660,1205937,569539,24066,,,,,,,,,,
462,2021-04-28,32350527,1214206,570523,24118,,,,,,,,,,
463,2021-04-29,32408209,1222564,571407,24170,,,,,,,,,,
464,2021-04-30,32465945,1230530,572211,24220,420.72,416.3,29.33,28.76,42.61,41.25,30.3,29.76,19.68,18.41
465,2021-05-01,32514104,1238296,572960,24262,,,,,,,,,,
466,2021-05-02,32544698,1244435,573283,24301,,,,,,,,,,
467,2021-05-03,32590098,1252750,573769,24342,,,,,,,,,,
468,2021-05-04,32632816,1259651,574644,24397,,,,,,,,,,
469,2021-05-05,32678632,1267370,575458,24451,,,,,,,,,,
470,2021-05-06,32724562,1275453,576254,24490,,,,,,,,,,
471,2021-05-07,32772740,1283199,577012,24530,422.815,411.67,29.45,28.74,42.25,41.05,30.21,29.29,20.0,18.76
472,2021-05-08,32807695,1289678,577651,24569,,,,,,,,,,
473,2021-05-09,32830430,1295213,577914,24627,,,,,,,,,,
474,2021-05-10,32863242,1302154,578316,24683,,,,,,,,,,
475,2021-05-11,32898517,1308236,578996,24715,,,,,,,,,,
476,2021-05-12,32934492,1314850,579762,24769,,,,,,,,,,
477,2021-05-13,32972365,1321202,580509,24826,,,,,,,,,,
478,2021-05-14,33013966,1327214,581140,24870,422.74,404.0,29.5,28.88,43.45,41.7,29.82,28.52,20.23,19.35
479,2021-05-15,33044433,1332007,581664,24909,,,,,,,,,,
480,2021-05-16,33062065,1336276,581933,24949,,,,,,,,,,
481,2021-05-17,33087595,1341268,582335,24983,,,,,,,,,,
482,2021-05-18,33116603,1345649,583116,25019,,,,,,,,,,
483,2021-05-19,33145673,1350639,583770,25067,,,,,,,,,,
484,2021-05-20,33175666,1355117,584454,25112,,,,,,,,,,
485,2021-05-21,33204343,1359588,585056,25163,418.2,405.33,29.74,29.17,44.96,43.16,29.42,29.02,21.4,20.25
486,2021-05-22,33225248,1363020,585544,25204,,,,,,,,,,
487,2021-05-23,33239033,1365851,585749,25232,,,,,,,,,,
488,2021-05-24,33261203,1368224,586190,25262,,,,,,,,,,
489,2021-05-25,33285000,1371721,586829,25325,,,,,,,,,,
490,2021-05-26,33309372,1374572,587814,25362,,,,,,,,,,
491,2021-05-27,33335907,1377598,589164,25412,,,,,,,,,,
492,2021-05-28,33357831,1380542,589699,25441,421.25,417.08,30.05,29.51,44.93,43.51,30.13,29.68,21.24,20.62
493,2021-05-29,33370809,1382890,590027,25479,,,,,,,,,,
494,2021-05-30,33378013,1384742,590175,25513,,,,,,,,,,
495,2021-05-31,33384362,1387091,590356,25548,,,,,,,,,,
496,2021-06-01,33405451,1388921,590999,25567,,,,,,,,,,
497,2021-06-02,33422037,1391117,591559,25613,,,,,,,,,,
498,2021-06-03,33440017,1393272,592190,25645,,,,,,,,,,
499,2021-06-04,33457554,1395085,592707,25680,422.92,416.28,30.25,29.68,45.13,43.67,30.78,29.76,21.01,20.22
500,2021-06-05,33472710,1396586,593291,25713,,,,,,,,,,
501,2021-06-06,33478606,1397774,593460,25725,,,,,,,,,,
502,2021-06-07,33492795,1399237,593770,25762,,,,,,,,,,
503,2021-06-08,33505589,1400611,594078,25792,,,,,,,,,,
504,2021-06-09,33523796,1402184,594553,25844,,,,,,,,,,
505,2021-06-10,33538311,1403622,594956,25874,,,,,,,,,,
506,2021-06-11,33562827,1404971,595482,25887,424.63,420.32,30.35,30.07,45.51,44.5,31.73,30.87,21.09,20.2
507,2021-06-12,33571648,1406133,595750,25915,,,,,,,,,,
508,2021-06-13,33576674,1407055,595862,25932,,,,,,,,,,
509,2021-06-14,33588578,1408107,596051,25946,,,,,,,,,,
510,2021-06-15,33599224,1409077,596374,25973,,,,,,,,,,
511,2021-06-16,33610977,1410095,596757,26001,,,,,,,,,,
512,2021-06-17,33622496,1411193,597056,26013,,,,,,,,,,
513,2021-06-18,33643480,1412182,597656,26024,425.46,414.7,30.69,30.22,45.78,44.7,31.76,31.53,20.4,18.64
514,2021-06-19,33652365,1412925,597826,26055,,,,,,,,,,
515,2021-06-20,33657290,1413544,597905,26077,,,,,,,,,,
516,2021-06-21,33668022,1414228,598165,26087,,,,,,,,,,
517,2021-06-22,33678789,1414880,598509,26155,,,,,,,,,,
518,2021-06-23,33691287,1415589,598895,26176,,,,,,,,,,
519,2021-06-24,33705480,1416297,599236,26193,,,,,,,,,,
520,2021-06-25,33730002,1416935,599764,26198,427.0943,415.93,30.66,30.34,45.1,43.27,31.92,31.27,19.0,18.33
521,2021-06-26,33739061,1417455,599925,26215,,,,,,,,,,
522,2021-06-27,33743720,1417858,600000,26228,,,,,,,,,,
523,2021-06-28,33757490,1418570,600159,26239,,,,,,,,,,
524,2021-06-29,33765016,1419198,600488,26275,,,,,,,,,,
525,2021-06-30,33780301,1419748,600788,26296,,,,,,,,,,
526,2021-07-01,33795222,1420024,601071,26315,,,,,,,,,,
527,2021-07-02,33824840,1420680,601505,26339,434.1,425.89,30.82,30.43,47.25,43.84,31.64,31.2,18.7,18.0
528,2021-07-03,33830110,1421065,601588,26349,,,,,,,,,,
529,2021-07-04,33834375,1421358,601628,26361,,,,,,,,,,
530,2021-07-05,33843536,1421931,601749,26369,,,,,,,,,,
531,2021-07-06,33866109,1422336,602055,26382,,,,,,,,,,
532,2021-07-07,33886257,1422896,602382,26388,,,,,,,,,,
533,2021-07-08,33907135,1423419,602632,26406,,,,,,,,,,
534,2021-07-09,33954124,1423953,603094,26420,435.84,427.52,30.89,30.28,47.27,45.28,32.48,31.26,19.04,18.37
535,2021-07-10,33964141,1424300,603172,26429,,,,,,,,,,
536,2021-07-11,33975903,1424569,603293,26437,,,,,,,,,,
537,2021-07-12,34005564,1425023,603528,26440,,,,,,,,,,
538,2021-07-13,34032039,1425388,603885,26451,,,,,,,,,,
539,2021-07-14,34063187,1425712,604212,26459,,,,,,,,,,
540,2021-07-15,34095129,1426159,604568,26473,,,,,,,,,,
541,2021-07-16,34173161,1426525,605021,26490,437.92,430.92,30.86,30.38,50.47,46.85,33.04,32.34,19.28,18.44
542,2021-07-17,34187227,1426872,605093,26494,,,,,,,,,,
543,2021-07-18,34207597,1427163,605188,26501,,,,,,,,,,
544,2021-07-19,34256824,1427728,605386,26505,,,,,,,,,,
545,2021-07-20,34296712,1428083,605676,26509,,,,,,,,,,
546,2021-07-21,34344584,1428621,606039,26513,,,,,,,,,,
547,2021-07-22,34401020,1429015,606327,26527,,,,,,,,,,
548,2021-07-23,34521825,1429610,606879,26540,440.3,421.97,30.75,29.83,49.96,48.24,33.2,32.61,19.0,18.22
549,2021-07-24,34551174,1429984,607015,26545,,,,,,,,,,
550,2021-07-25,34579799,1430278,607117,26549,,,,,,,,,,
551,2021-07-26,34658354,1431222,607367,26553,,,,,,,,,,
552,2021-07-27,34723425,1431816,607825,26561,,,,,,,,,,
553,2021-07-28,34797007,1432659,608208,26571,,,,,,,,,,
554,2021-07-29,34869369,1433590,608526,26577,,,,,,,,,,
555,2021-07-30,35060550,1434495,609411,26593,441.8,435.99,30.91,30.48,50.97,49.26,33.07,32.6,19.4,18.31
556,2021-07-31,35105221,1434967,609587,26599,,,,,,,,,,
557,2021-08-01,35150598,1435347,609820,26601,,,,,,,,,,
558,2021-08-02,35258120,1435683,610163,26602,,,,,,,,,,
559,2021-08-03,35356089,1437713,610749,26608,,,,,,,,,,
560,2021-08-04,35458596,1438806,611295,26619,,,,,,,,,,
561,2021-08-05,35568186,1440396,611821,26638,,,,,,,,,,
562,2021-08-06,35820097,1442021,612954,26655,442.94,436.1,31.21,30.79,52.54,50.6,33.25,32.87,19.83,18.21
563,2021-08-07,35883978,1442740,613220,26664,,,,,,,,,,
564,2021-08-08,35919664,1443469,613355,26670,,,,,,,,,,
565,2021-08-09,36078095,1446326,613872,26679,,,,,,,,,,
566,2021-08-10,36196287,1447743,614704,26684,,,,,,,,,,
567,2021-08-11,36350867,1449822,615509,26689,,,,,,,,,,
568,2021-08-12,36494679,1451984,616541,26693,,,,,,,,,,
569,2021-08-13,36721524,1454422,617600,26699,445.94,441.31,31.32,31.02,52.0,50.51,33.08,32.49,18.32,17.65
570,2021-08-14,36795699,1455494,617870,26702,,,,,,,,,,
571,2021-08-15,36843561,1456423,618087,26701,,,,,,,,,,
572,2021-08-16,37036919,1460340,619128,26705,,,,,,,,,,
573,2021-08-17,37188031,1462314,620152,26720,,,,,,,,,,
574,2021-08-18,37355382,1464910,621356,26762,,,,,,,,,,
575,2021-08-19,37510660,1467812,623143,26784,,,,,,,,,,
576,2021-08-20,37749794,1470842,624605,26790,447.11,436.12,31.21,30.68,52.47,51.2,33.87,32.99,18.27,17.46
577,2021-08-21,37843297,1472306,625182,26791,,,,,,,,,,
578,2021-08-22,37888655,1473497,625402,26793,,,,,,,,,,
579,2021-08-23,38094840,1478305,626738,26815,,,,,,,,,,
580,2021-08-24,38250033,1480796,628173,26849,,,,,,,,,,
581,2021-08-25,38429242,1484267,629726,26856,,,,,,,,,,
582,2021-08-26,38613006,1487821,631948,26865,,,,,,,,,,
583,2021-08-27,38851368,1491589,633691,26891,450.65,443.4355,31.33,30.95,52.64,50.82,33.7,32.89,18.25,17.52
584,2021-08-28,38931503,1493265,634343,26899,,,,,,,,,,
585,2021-08-29,38984678,1494699,634669,26902,,,,,,,,,,
586,2021-08-30,39212608,1501089,636382,26919,,,,,,,,,,
587,2021-08-31,39392578,1504281,637826,26933,,,,,,,,,,
588,2021-09-01,39583186,1508281,639870,26963,,,,,,,,,,
589,2021-09-02,39762255,1512341,642877,26992,,,,,,,,,,
590,2021-09-03,39997506,1516567,644817,27007,454.05,450.71,31.42,30.98,52.28,50.15,34.11,33.19,18.5,17.84
591,2021-09-04,40084805,1518280,645470,27017,,,,,,,,,,
592,2021-09-05,40149486,1520081,645898,27022,,,,,,,,,,
593,2021-09-06,40239476,1521585,646506,27025,,,,,,,,,,
594,2021-09-07,40449521,1530657,648602,27068,,,,,,,,,,
595,2021-09-08,40627290,1534594,650921,27108,,,,,,,,,,
596,2021-09-09,40793948,1538824,654149,27135,,,,,,,,,,
597,2021-09-10,41035780,1543470,656610,27171,452.81,445.31,31.52,31.1,50.94,50.01,34.01,33.14,18.36,17.64
598,2021-09-11,41126229,1544598,657449,27187,,,,,,,,,,
599,2021-09-12,41175799,1547391,657829,27199,,,,,,,,,,
600,2021-09-13,41383526,1556081,659986,27239,,,,,,,,,,
601,2021-09-14,41529064,1560385,661914,27264,,,,,,,,,,
602,2021-09-15,41702482,1564842,664653,27306,,,,,,,,,,
603,2021-09-16,41861088,1569479,668146,27326,,,,,,,,,,
604,2021-09-17,42071798,1574529,670600,27371,448.92,441.02,31.35,30.82,50.95,48.7,33.3,33.02,18.15,16.98
605,2021-09-18,42148052,1576527,671610,27385,,,,,,,,,,
606,2021-09-19,42194055,1578344,672014,27396,,,,,,,,,,
607,2021-09-20,42363472,1586910,674321,27435,,,,,,,,,,
608,2021-09-21,42485292,1590781,676768,27489,,,,,,,,,,
609,2021-09-22,42617023,1594918,679459,27538,,,,,,,,,,
610,2021-09-23,42746057,1599490,682767,27582,,,,,,,,,,
611,2021-09-24,42920702,1604017,685251,27621,444.89,428.86,30.96,30.13,49.79,48.2,33.32,32.25,17.56,16.57
612,2021-09-25,42982552,1605270,686108,27636,,,,,,,,,,
613,2021-09-26,43038179,1606382,686700,27646,,,,,,,,,,
614,2021-09-27,43192114,1617233,688959,27700,,,,,,,,,,
615,2021-09-28,43305256,1620860,691477,27756,,,,,,,,,,
616,2021-09-29,43427256,1625278,694117,27820,,,,,,,,,,
617,2021-09-30,43537344,1629026,696943,27863,,,,,,,,,,
618,2021-10-01,43692253,1634218,699074,27922,444.05,427.23,30.99,30.23,49.28,47.75,32.34,31.36,16.89,16.19
619,2021-10-02,43742007,1636090,699924,27946,,,,,,,,,,
620,2021-10-03,43788235,1637554,700467,27954,,,,,,,,,,
621,2021-10-04,43928832,1645467,702399,28003,,,,,,,,,,
622,2021-10-05,44024311,1648385,704293,28051,,,,,,,,,,
623,2021-10-06,44137165,1652230,706953,28113,,,,,,,,,,
624,2021-10-07,44238198,1656378,709426,28142,,,,,,,,,,
625,2021-10-08,44368828,1660492,711230,28187,441.68,426.36,31.13,30.28,48.59,47.35,31.89,31.05,17.25,16.14
626,2021-10-09,44409144,1662247,711682,28196,,,,,,,,,,
627,2021-10-10,44450137,1663816,712176,28204,,,,,,,,,,
628,2021-10-11,44543003,1665194,713356,28216,,,,,,,,,,
629,2021-10-12,44653947,1672232,715645,28291,,,,,,,,,,
630,2021-10-13,44762358,1674947,718834,28370,,,,,,,,,,
631,2021-10-14,44848482,1678302,721025,28422,,,,,,,,,,
632,2021-10-15,44957329,1681744,722848,28469,446.26,431.54,31.82,30.94,48.44,46.75,32.03,31.11,17.83,16.7
633,2021-10-16,44998678,1683342,723444,28483,,,,,,,,,,
634,2021-10-17,45031850,1684634,723924,28494,,,,,,,,,,
635,2021-10-18,45128503,1690009,725691,28565,,,,,,,,,,
636,2021-10-19,45211102,1692312,727657,28604,,,,,,,,,,
637,2021-10-20,45303420,1695100,730846,28645,,,,,,,,,,
638,2021-10-21,45380691,1697970,732862,28668,,,,,,,,,,
639,2021-10-22,45476659,1700545,734733,28730,454.67,443.27,32.27,31.64,49.33,47.51,32.6,31.8,18.32,17.39
640,2021-10-23,45510935,1702323,735307,28746,,,,,,,,,,
641,2021-10-24,45531887,1703819,735587,28750,,,,,,,,,,
642,2021-10-25,45641376,1707136,737054,28806,,,,,,,,,,
643,2021-10-26,45708997,1708966,738661,28842,,,,,,,,,,
644,2021-10-27,45811526,1711623,740722,28882,,,,,,,,,,
645,2021-10-28,45886051,1714281,742578,28929,,,,,,,,,,
646,2021-10-29,45980887,1716815,744311,28953,459.56,452.39,32.35,31.83,49.47,46.75,32.89,32.56,18.2,17.1
647,2021-10-30,46017144,1718603,744711,28965,,,,,,,,,,
648,2021-10-31,46051150,1720166,744969,28970,,,,,,,,,,
649,2021-11-01,46161002,1723169,746222,29024,,,,,,,,,,
650,2021-11-02,46231030,1725122,747512,29057,,,,,,,,,,
651,2021-11-03,46317796,1727519,749501,29095,,,,,,,,,,
652,2021-11-04,46399038,1730199,750703,29115,,,,,,,,,,
653,2021-11-05,46496171,1732770,752826,29133,470.65,458.2,32.72,32.11,50.33,47.0,33.22,32.32,17.8,16.88
654,2021-11-06,46533431,1734202,753332,29140,,,,,,,,,,
655,2021-11-07,46572401,1735435,753563,29151,,,,,,,,,,
656,2021-11-08,46679731,1739955,754776,29194,,,,,,,,,,
657,2021-11-09,46759639,1742460,756228,29218,,,,,,,,,,
658,2021-11-10,46854883,1745188,757924,29251,,,,,,,,,,
659,2021-11-11,46912421,1746806,758825,29267,,,,,,,,,,
660,2021-11-12,47056551,1750634,761277,29310,470.23,462.04,33.18,32.6,50.8,49.13,33.35,32.94,19.3,17.69
661,2021-11-13,47102719,1752129,761876,29325,,,,,,,,,,
662,2021-11-14,47136590,1753430,762106,29338,,,,,,,,,,
663,2021-11-15,47267654,1757456,763391,29385,,,,,,,,,,
664,2021-11-16,47355638,1759563,764713,29404,,,,,,,,,,
665,2021-11-17,47468168,1762176,766381,29432,,,,,,,,,,
666,2021-11-18,47576705,1765014,767717,29463,,,,,,,,,,
667,2021-11-19,47702972,1767769,769486,29482,470.94,466.23,33.24,32.9,52.65,50.42,33.76,33.21,19.38,18.68
668,2021-11-20,47750158,1769635,769961,29492,,,,,,,,,,
669,2021-11-21,47791653,1771105,770209,29499,,,,,,,,,,
670,2021-11-22,47932628,1775270,771459,29527,,,,,,,,,,
671,2021-11-23,48024266,1777648,772819,29556,,,,,,,,,,
672,2021-11-24,48135618,1780445,774518,29581,,,,,,,,,,
673,2021-11-25,48172986,1784842,775003,29601,,,,,,,,,,
674,2021-11-26,48227670,1787867,775392,29619,473.54,457.77,33.0,32.11,51.6,46.84,34.19,33.3,18.63,17.82
675,2021-11-27,48256065,1790069,775730,29629,,,,,,,,,,
676,2021-11-28,48301145,1791803,776007,29634,,,,,,,,,,
677,2021-11-29,48486318,1795577,777925,29671,,,,,,,,,,
678,2021-11-30,48603768,1798195,779570,29688,,,,,,,,,,
679,2021-12-01,48740709,1801612,781573,29715,,,,,,,,,,
680,2021-12-02,48878904,1804994,785459,29738,,,,,,,,,,
681,2021-12-03,49036843,1808630,787070,29758,466.56,448.92,32.49,31.21,48.6,45.75,33.73,32.82,18.56,17.07
682,2021-12-04,49104760,1811253,787769,29767,,,,,,,,,,
683,2021-12-05,49161217,1813563,788181,29769,,,,,,,,,,
684,2021-12-06,49336289,1818250,789610,29801,,,,,,,,,,
685,2021-12-07,49448609,1821505,791127,29828,,,,,,,,,,
686,2021-12-08,49598020,1825442,792950,29853,,,,,,,,,,
687,2021-12-09,49721794,1829958,794502,29877,,,,,,,,,,
688,2021-12-10,49879296,1833043,796255,29901,470.9,453.56,32.38,31.51,52.89,48.04,33.93,33.64,17.73,17.03
689,2021-12-11,49936919,1838786,796879,29911,,,,,,,,,,
690,2021-12-12,49990297,1842317,797249,29920,,,,,,,,,,
691,2021-12-13,50173678,1848420,798643,29942,,,,,,,,,,
692,2021-12-14,50286898,1853660,800160,29970,,,,,,,,,,
693,2021-12-15,50432612,1860841,802396,29995,,,,,,,,,,
694,2021-12-16,50574624,1868764,803665,30013,,,,,,,,,,
695,2021-12-17,50767235,1878782,805529,30033,472.87,458.06,32.19,31.54,50.87,47.01,34.7,33.85,18.18,16.68
696,2021-12-18,50848781,1887086,806208,30041,,,,,,,,,,
697,2021-12-19,50939685,1895472,806528,30046,,,,,,,,,,
698,2021-12-20,51180921,1910922,808080,30064,,,,,,,,,,
699,2021-12-21,51363067,1925063,809994,30086,,,,,,,,,,
700,2021-12-22,51611056,1943963,814181,30114,,,,,,,,,,
701,2021-12-23,51885200,1969928,815588,30132,,,,,,,,,,
702,2021-12-24,52133412,1995112,816277,30146,,,,,,,,,,
703,2021-12-25,52221699,2014138,816519,30153,,,,,,,,,,
704,2021-12-26,52405619,2032312,816889,30163,,,,,,,,,,
705,2021-12-27,52911678,2054700,818735,30190,,,,,,,,,,
706,2021-12-28,53283780,2082785,821026,30219,,,,,,,,,,
707,2021-12-29,53795224,2137845,823394,30254,,,,,,,,,,
708,2021-12-30,54392703,2180799,824884,30281,,,,,,,,,,
709,2021-12-31,54904636,2223735,825615,30320,,,,,,,,,,
710,2022-01-01,55096770,2256747,826016,30340,,,,,,,,,,
711,2022-01-02,55393099,2286735,826422,30370,,,,,,,,,,
712,2022-01-03,56436383,2323056,828326,30400,,,,,,,,,,
713,2022-01-04,57264523,2372323,830657,30436,,,,,,,,,,
714,2022-01-05,57940754,2412242,832888,30525,,,,,,,,,,
715,2022-01-06,58784307,2454121,834983,30585,,,,,,,,,,
716,2022-01-07,59663888,2499612,837421,30668,479.98,464.65,32.98,32.17,53.29,50.14,35.15,33.73,18.3,16.96
717,2022-01-08,60071660,2528644,838292,30699,,,,,,,,,,
718,2022-01-09,60564988,2554916,838911,30765,,,,,,,,,,
719,2022-01-10,61920232,2613377,840965,30861,,,,,,,,,,
720,2022-01-11,62705489,2646228,843487,30957,,,,,,,,,,
721,2022-01-12,63559960,2681101,846336,31081,,,,,,,,,,
722,2022-01-13,64424118,2712688,848896,31191,,,,,,,,,,
723,2022-01-14,65303847,2753198,851692,31324,473.2,456.5973,32.99,31.98,52.11,49.67,33.46,32.86,17.84,17.03
724,2022-01-15,65719959,2771345,852700,31465,,,,,,,,,,
725,2022-01-16,66206063,2786622,853462,31531,,,,,,,,,,
726,2022-01-17,66865431,2828029,854498,31676,,,,,,,,,,
727,2022-01-18,67998201,2848893,857238,31827,,,,,,,,,,
728,2022-01-19,68909102,2872365,860718,32006,,,,,,,,,,
729,2022-01-20,69638339,2895331,863649,32217,,,,,,,,,,
730,2022-01-21,70465406,2916524,867039,32380,459.96,437.95,33.18,31.57,51.98,48.45,33.35,32.13,18.64,17.21
731,2022-01-22,70773511,2930307,868069,32504,,,,,,,,,,
732,2022-01-23,71143578,2935575,868806,32560,,,,,,,,,,
733,2022-01-24,72054150,2955087,870986,32716,,,,,,,,,,
734,2022-01-25,72546534,2984054,874142,32962,,,,,,,,,,
735,2022-01-26,73224104,2991708,878009,33068,,,,,,,,,,
736,2022-01-27,73727047,3020108,880630,33368,,,,,,,,,,
737,2022-01-28,74340157,3036647,884721,33523,444.04,420.76,32.21,30.65,51.02,47.49,32.66,31.71,18.17,16.87
738,2022-01-29,74521787,3045083,885931,33647,,,,,,,,,,
739,2022-01-30,74722269,3052373,886416,33722,,,,,,,,,,
740,2022-01-31,75258839,3073654,889023,33870,,,,,,,,,,
741,2022-02-01,75585128,3085591,892380,34032,,,,,,,,,,
742,2022-02-02,75912867,3100943,895968,34207,,,,,,,,,,
743,2022-02-03,76186154,3114115,898450,34378,,,,,,,,,,
744,2022-02-04,76541210,3127213,902572,34537,458.12,439.81,32.97,31.83,54.3,49.32,33.05,32.49,17.95,17.2
745,2022-02-05,76629144,3133836,903497,34636,,,,,,,,,,
746,2022-02-06,76713904,3139239,903963,34720,,,,,,,,,,
747,2022-02-07,77057310,3155289,906852,34845,,,,,,,,,,
748,2022-02-08,77271079,3165329,909853,34969,,,,,,,,,,
749,2022-02-09,77458550,3175654,913189,35114,,,,,,,,,,
750,2022-02-10,77628913,3186035,916440,35231,,,,,,,,,,
751,2022-02-11,77837378,3193438,919142,35372,457.88,438.94,33.48,32.58,55.42,52.58,32.65,31.84,18.92,17.6
752,2022-02-12,77890016,3203282,919964,35481,,,,,,,,,,
753,2022-02-13,77949086,3206897,920546,35512,,,,,,,,,,
754,2022-02-14,78116688,3219086,923728,35614,,,,,,,,,,
755,2022-02-15,78227178,3225542,926335,35716,,,,,,,,,,
756,2022-02-16,78341106,3233298,929518,35829,,,,,,,,,,
757,2022-02-17,78441811,3240493,932470,35918,,,,,,,,,,
758,2022-02-18,78585804,3247240,934973,35997,448.055,431.82,33.05,32.25,53.83,49.61,32.1,31.7,20.24,18.47
759,2022-02-19,78617782,3250784,935659,36013,,,,,,,,,,
760,2022-02-20,78641288,3253232,936105,36042,,,,,,,,,,
761,2022-02-21,78721172,3256889,937021,36062,,,,,,,,,,
762,2022-02-22,78810353,3264880,939194,36159,,,,,,,,,,
763,2022-02-23,78894486,3274692,942286,36255,,,,,,,,,,
764,2022-02-24,78960956,3280453,945241,36332,,,,,,,,,,
765,2022-02-25,79034646,3289085,947322,36473,437.84,410.64,32.27,31.02,51.24,47.58,32.0,30.83,20.97,19.38
766,2022-02-26,79082365,3290897,948084,36507,,,,,,,,,,
767,2022-02-27,79100880,3294481,948309,36536,,,,,,,,,,
768,2022-02-28,79197781,3302400,950451,36594,,,,,,,,,,
769,2022-03-01,79244188,3307510,952219,36630,,,,,,,,,,
770,2022-03-02,79297266,3313423,954311,36726,,,,,,,,,,
771,2022-03-03,79345722,3321778,956019,36798,,,,,,,,,,
772,2022-03-04,79396424,3331281,957757,36909,441.11,427.11,32.75,31.83,50.95,46.84,32.11,31.25,21.69,19.57
773,2022-03-05,79411630,3334478,958066,36953,,,,,,,,,,
774,2022-03-06,79424234,3337091,958280,36983,,,,,,,,,,
775,2022-03-07,79485770,3345546,959978,37040,,,,,,,,,,
776,2022-03-08,79515230,3349699,961397,37095,,,,,,,,,,
777,2022-03-09,79552263,3356440,963421,37158,,,,,,,,,,
778,2022-03-10,79598034,3362047,965193,37211,,,,,,,,,,
779,2022-03-11,79646889,3370105,966853,36853,432.3018,415.12,33.03,32.38,49.575,45.23,32.44,31.67,23.43,21.29
780,2022-03-12,79657357,3371929,967132,36887,,,,,,,,,,
781,2022-03-13,79668636,3373322,967325,36901,,,,,,,,,,
782,2022-03-14,79703170,3377844,968637,36945,,,,,,,,,,
783,2022-03-15,79726675,3386875,969719,36991,,,,,,,,,,
784,2022-03-16,79777929,3392165,971568,37029,,,,,,,,,,
785,2022-03-17,79829955,3396364,973065,37074,,,,,,,,,,
786,2022-03-18,79861676,3399704,973881,37134,444.86,415.79,33.42,32.12,53.26,47.775,32.5,31.83,22.06,20.91
787,2022-03-19,79872778,3402711,974166,37157,,,,,,,,,,
788,2022-03-20,79884432,3404964,974254,37168,,,,,,,,,,
789,2022-03-21,79925903,3413117,975538,37208,,,,,,,,,,
790,2022-03-22,79947130,3422583,976313,37241,,,,,,,,,,
791,2022-03-23,79987060,3429407,977954,37282,,,,,,,,,,
792,2022-03-24,80029162,3436460,978820,37354,,,,,,,,,,
793,2022-03-25,80073604,3445404,979440,37403,452.98,440.68,33.87,33.39,54.38,51.9,32.44,31.83,22.47,21.46
794,2022-03-26,80083290,3449778,979591,37431,,,,,,,,,,
795,2022-03-27,80095310,3453432,979652,37440,,,,,,,,,,
796,2022-03-28,80133018,3459582,980671,37460,,,,,,,,,,
797,2022-03-29,80156260,3470143,981659,37495,,,,,,,,,,
798,2022-03-30,80194396,3481119,982828,37555,,,,,,,,,,
799,2022-03-31,80238890,3489910,983346,37597,,,,,,,,,,
800,2022-04-01,80270047,3502380,984176,37666,462.07,449.14,33.89,33.36,56.92,54.12,33.33,32.03,22.63,20.88
801,2022-04-02,80282074,3509394,984334,37699,,,,,,,,,,
802,2022-04-03,80287062,3511975,984394,37716,,,,,,,,,,
803,2022-04-04,80325187,3512535,984988,37729,,,,,,,,,,
804,2022-04-05,80350159,3521439,985500,37772,,,,,,,,,,
805,2022-04-06,80390084,3530991,986628,37847,,,,,,,,,,
806,2022-04-07,80439764,3537010,987463,37904,,,,,,,,,,
807,2022-04-08,80512954,3537010,988103,37914,457.83,443.47,34.0,33.17,57.98,55.53,33.39,32.82,22.87,21.8
808,2022-04-09,80526009,3552577,988248,37997,,,,,,,,,,
809,2022-04-10,80535823,3552577,988278,38012,,,,,,,,,,
810,2022-04-11,80573949,3552709,988613,38015,,,,,,,,,,
811,2022-04-12,80609174,3552709,989207,38019,,,,,,,,,,
812,2022-04-13,80665250,3616387,990158,38159,,,,,,,,,,
813,2022-04-14,80713108,3635332,990884,38289,445.75,436.6501,33.62,33.24,58.25,56.36,33.18,32.86,23.37,22.54
814,2022-04-15,80747302,3627286,991324,38329,,,,,,,,,,
815,2022-04-16,80760108,3643973,991378,38368,,,,,,,,,,
816,2022-04-17,80768030,3645911,991389,38390,,,,,,,,,,
817,2022-04-18,80827605,3657885,991646,38403,,,,,,,,,,
818,2022-04-19,80866098,3665778,992086,38428,,,,,,,,,,
819,2022-04-20,80933902,3679211,992992,38533,,,,,,,,,,
820,2022-04-21,80994372,3689726,993393,38654,,,,,,,,,,
821,2022-04-22,81083195,3707016,993917,38749,450.01,425.44,33.77,32.45,58.44,56.2,33.63,32.71,23.8,21.17
822,2022-04-23,81103472,3711767,993971,38807,,,,,,,,,,
823,2022-04-24,81117443,3716424,994003,38833,,,,,,,,,,
824,2022-04-25,81185716,3720307,994269,38848,,,,,,,,,,
825,2022-04-26,81230872,3727897,994589,38894,,,,,,,,,,
826,2022-04-27,81320698,3740982,995393,39008,,,,,,,,,,
827,2022-04-28,81397823,3749479,995805,39145,,,,,,,,,,
828,2022-04-29,81459075,3761708,996228,39229,429.64,411.21,32.5,31.6,58.7,55.69,33.37,32.05,21.1,20.34
829,2022-04-30,81483720,3765164,996343,39265,,,,,,,,,,
830,2022-05-01,81501074,3767783,996366,39288,,,,,,,,,,
831,2022-05-02,81594976,3770449,996661,39293,,,,,,,,,,
832,2022-05-03,81644904,3776005,997110,39337,,,,,,,,,,
833,2022-05-04,81757262,3786803,999062,39483,,,,,,,,,,
834,2022-05-05,81845594,3793942,999362,39642,,,,,,,,,,
835,2022-05-06,81974656,3802912,999743,39717,429.66,405.02,32.52,31.35,59.6,54.57,32.02,30.61,21.3,19.97
836,2022-05-07,82003342,3805370,999931,39772,,,,,,,,,,
837,2022-05-08,82009940,3807514,999961,39784,,,,,,,,,,
838,2022-05-09,82139157,3809685,1000216,39788,,,,,,,,,,
839,2022-05-10,82209880,3814073,1000543,39843,,,,,,,,,,
840,2022-05-11,82370922,3822281,1001227,39978,,,,,,,,,,
841,2022-05-12,82476393,3827766,1001529,40133,,,,,,,,,,
842,2022-05-13,82563660,3835537,1001736,40218,,,,,,,,,,
843,2022-05-14,82581780,3836335,1001796,40249,,,,,,,,,,
844,2022-05-15,82614901,3836969,1001833,40259,,,,,,,,,,
845,2022-05-16,82791866,3837943,1002080,40266,,,,,,,,,,
846,2022-05-17,82877338,3844271,1002477,40291,,,,,,,,,,
847,2022-05-18,83081220,3850312,1003448,40388,,,,,,,,,,
848,2022-05-19,83216694,3854742,1003783,40583,,,,,,,,,,
849,2022-05-20,83365481,3860575,1004201,40665,408.57,380.54,31.51,30.55,59.405,53.42,30.09,29.25,18.97,18.02
850,2022-05-21,83393583,3861958,1004277,40689,,,,,,,,,,
851,2022-05-22,83406946,3863053,1004324,40696,,,,,,,,,,
852,2022-05-23,83555995,3863389,1004569,40698,,,,,,,,,,
853,2022-05-24,83639862,3865444,1004912,40702,,,,,,,,,,
854,2022-05-25,83850623,3869993,1005999,40795,,,,,,,,,,
855,2022-05-26,83985941,3873780,1006355,40918,,,,,,,,,,
856,2022-05-27,84093944,3879050,1006887,40968,415.3801,386.96,31.68,30.74,57.27,54.84,30.88,29.84,19.44,18.86
857,2022-05-28,84108142,3880240,1006926,40992,,,,,,,,,,
858,2022-05-29,84115200,3881220,1006943,40995,,,,,,,,,,
859,2022-05-30,84177659,3882134,1006985,40996,,,,,,,,,,
860,2022-05-31,84344997,3884160,1007352,41019,,,,,,,,,,
861,2022-06-01,84573956,3888672,1008029,41104,,,,,,,,,,
862,2022-06-02,84696084,3891759,1008356,41244,,,,,,,,,,
863,2022-06-03,84853076,3895259,1008756,41272,417.44,406.93,32.06,31.44,58.75,57.02,30.98,29.77,19.29,18.33
864,2022-06-04,84881132,3896919,1008912,41293,,,,,,,,,,
865,2022-06-05,84897415,3897791,1008946,41299,,,,,,,,,,
866,2022-06-06,85057161,3898661,1009230,41301,,,,,,,,,,
867,2022-06-07,85144044,3901597,1009705,41311,,,,,,,,,,
868,2022-06-08,85342963,3905339,1010903,41346,,,,,,,,,,
869,2022-06-09,85474591,3907653,1011200,41450,,,,,,,,,,
870,2022-06-10,85580803,3912417,1011567,41508,416.609,389.75,31.9,30.75,58.28,54.49,29.84,28.64,19.2,17.92
871,2022-06-11,85616038,3916335,1011676,41513,,,,,,,,,,
872,2022-06-12,85633800,3917756,1011705,41517,,,,,,,,,,
873,2022-06-13,85785556,3918616,1011996,41518,,,,,,,,,,
874,2022-06-14,85875752,3921033,1012360,41530,,,,,,,,,,
875,2022-06-15,86060916,3923353,1013068,41580,,,,,,,,,,
876,2022-06-16,86190654,3926127,1013511,41674,,,,,,,,,,
877,2022-06-17,86329498,3927884,1013830,41680,383.9,362.17,30.36,28.79,54.65,51.63,28.13,27.3,18.74,17.52
878,2022-06-18,86347187,3931364,1013871,41701,,,,,,,,,,
879,2022-06-19,86365250,3931364,1013925,41705,,,,,,,,,,
880,2022-06-20,86461263,3932637,1014020,41708,,,,,,,,,,
881,2022-06-21,86572643,3935067,1014476,41718,,,,,,,,,,
882,2022-06-22,86758310,3938040,1015331,41744,,,,,,,,,,
883,2022-06-23,86896709,3942808,1015712,41808,,,,,,,,,,
884,2022-06-24,87013874,3945083,1016158,41816,,,,,,,,,,
885,2022-06-25,87054781,3948562,1016307,41835,,,,,,,,,,
886,2022-06-26,87077058,3949244,1016328,41838,,,,,,,,,,
887,2022-06-27,87237298,3950117,1016627,41838,,,,,,,,,,
888,2022-06-28,87335193,3953552,1017203,41850,,,,,,,,,,
889,2022-06-29,87525464,3956171,1017930,41887,,,,,,,,,,
890,2022-06-30,87692895,3962334,1017654,41952,,,,,,,,,,
891,2022-07-01,87849748,3963763,1018156,41968,,,,,,,,,,
892,2022-07-02,87870093,3967805,1018201,41982,,,,,,,,,,
893,2022-07-03,87878537,3968731,1018208,41983,,,,,,,,,,
894,2022-07-04,87954819,3969063,1018287,41983,,,,,,,,,,
895,2022-07-05,88096723,3975062,1018749,42006,,,,,,,,,,
896,2022-07-06,88297457,3976097,1019517,42045,,,,,,,,,,
897,2022-07-07,88436294,3984864,1020590,42115,,,,,,,,,,
898,2022-07-08,88574023,3988430,1021121,42140,390.64,372.9,29.41,28.54,53.28,50.21,29.0,28.36,16.93,15.86
899,2022-07-09,88603011,3989890,1021170,42150,,,,,,,,,,
900,2022-07-10,88627544,3990961,1021201,42156,,,,,,,,,,
901,2022-07-11,88828831,3991994,1021671,42163,,,,,,,,,,
902,2022-07-12,88977068,3995331,1022237,42168,,,,,,,,,,
903,2022-07-13,89181740,4000304,1023213,42212,,,,,,,,,,
904,2022-07-14,89356900,4018403,1023587,42278,,,,,,,,,,
905,2022-07-15,89510080,4024060,1024097,42328,386.87,371.04,29.18,27.98,53.47,51.2,28.64,28.15,16.43,15.14
906,2022-07-16,89549277,4026044,1024150,42356,,,,,,,,,,
907,2022-07-17,89578887,4026044,1024204,42364,,,,,,,,,,
908,2022-07-18,89744161,4026069,1024645,42364,,,,,,,,,,
909,2022-07-19,89861438,4036848,1025277,42414,,,,,,,,,,
910,2022-07-20,90078187,4040958,1026179,42466,,,,,,,,,,
911,2022-07-21,90253638,4051382,1026676,42536,,,,,,,,,,
912,2022-07-22,90385030,4059876,1027257,42668,400.18,380.66,29.31,28.45,53.89,51.36,29.06,28.3,15.67,14.78
913,2022-07-23,90411361,4061530,1027328,42683,,,,,,,,,,
914,2022-07-24,90434609,4062808,1027359,42691,,,,,,,,,,
915,2022-07-25,90624564,4064084,1027785,42695,,,,,,,,,,
916,2022-07-26,90756773,4071469,1028335,42739,,,,,,,,,,
917,2022-07-27,90996902,4074977,1029290,42777,,,,,,,,,,
918,2022-07-28,91173950,4084973,1029692,42905,,,,,,,,,,
919,2022-07-29,91333194,4090442,1030317,42937,413.03,389.95,30.2,29.02,57.66,53.09,30.33,29.09,15.08,14.01
920,2022-07-30,91349210,4091778,1030348,42949,,,,,,,,,,
921,2022-07-31,91362208,4092722,1030361,42951,,,,,,,,,,
922,2022-08-01,91532374,4093713,1030935,42951,,,,,,,,,,
923,2022-08-02,91623348,4099374,1031445,42969,,,,,,,,,,
924,2022-08-03,91824058,4102536,1032541,43000,,,,,,,,,,
925,2022-08-04,92011181,4094621,1033163,43066,,,,,,,,,,
926,2022-08-05,92117204,4115965,1033880,43142,415.68,406.82,30.1,29.8,58.5,56.22,30.22,29.69,15.36,14.42
927,2022-08-06,92132181,4117035,1033921,43154,,,,,,,,,,
928,2022-08-07,92144782,4117788,1033953,43158,,,,,,,,,,
929,2022-08-08,92300452,4118564,1034454,43163,,,,,,,,,,
930,2022-08-09,92400258,4120585,1035099,43188,,,,,,,,,,
931,2022-08-10,92596779,4123562,1036045,43228,,,,,,,,,,
932,2022-08-11,92759490,4136552,1036601,43408,,,,,,,,,,
933,2022-08-12,92856225,4141368,1037258,43440,427.21,410.22,30.91,29.9,59.53,55.67,30.59,29.77,15.58,15.08
934,2022-08-13,92939892,4141368,1037304,43440,,,,,,,,,,
935,2022-08-14,92949634,4141368,1037320,43440,,,,,,,,,,
936,2022-08-15,93072774,4141368,1037790,43440,,,,,,,,,,
937,2022-08-16,93164655,4148442,1038301,43498,,,,,,,,,,
938,2022-08-17,93301679,4151317,1039410,43539,,,,,,,,,,
939,2022-08-18,93450679,4160497,1040018,43658,,,,,,,,,,
940,2022-08-19,93528313,4166257,1040609,43740,431.73,421.22,31.2,30.71,60.66,58.85,30.87,30.33,15.39,14.74
941,2022-08-20,93539367,4167111,1040654,43755,,,,,,,,,,
942,2022-08-21,93549154,4167732,1041442,43755,,,,,,,,,,
943,2022-08-22,93678345,4168380,1041192,43756,,,,,,,,,,
944,2022-08-23,93777685,4171952,1041809,43777,,,,,,,,,,
945,2022-08-24,93929553,4175729,1042774,43859,,,,,,,,,,
946,2022-08-25,94069078,4183162,1043389,44003,,,,,,,,,,
947,2022-08-26,94189761,4187139,1044093,44049,419.96,405.25,30.84,30.23,59.62,56.95,30.15,29.43,15.28,14.49
948,2022-08-27,94201522,4187887,1044131,44058,,,,,,,,,,
949,2022-08-28,94209952,4188437,1044149,44059,,,,,,,,,,
950,2022-08-29,94316168,4188917,1044631,44059,,,,,,,,,,
951,2022-08-30,94391937,4192880,1045035,44112,,,,,,,,,,
952,2022-08-31,94546457,4194892,1046561,44165,,,,,,,,,,
953,2022-09-01,94677076,4204312,1047242,44317,,,,,,,,,,
954,2022-09-02,94741755,4207961,1047722,44360,405.84,390.04,30.26,28.94,59.98,55.69,29.2,28.69,14.69,13.69
955,2022-09-03,94753142,4208622,1047758,44364,,,,,,,,,,
956,2022-09-04,94760562,4209096,1047772,44369,,,,,,,,,,
957,2022-09-05,94794160,4209542,1047861,44370,,,,,,,,,,
958,2022-09-06,94906852,4212439,1048467,44379,,,,,,,,,,
959,2022-09-07,95030892,4214431,1049270,44434,,,,,,,,,,
960,2022-09-08,95138011,4221439,1049958,44545,,,,,,,,,,
961,2022-09-09,95238824,4224759,1050505,44599,407.51,388.42,30.22,28.95,60.04,57.41,29.27,28.58,14.83,13.98
962,2022-09-10,95248942,4225396,1050543,44607,,,,,,,,,,
963,2022-09-11,95257926,4225396,1050563,44607,,,,,,,,,,
964,2022-09-12,95327452,4226515,1051024,44611,,,,,,,,,,
965,2022-09-13,95407176,4229986,1051544,44646,,,,,,,,,,
966,2022-09-14,95510834,4231064,1052517,44662,,,,,,,,,,
967,2022-09-15,95594197,4239075,1053188,44919,,,,,,,,,,
968,2022-09-16,95650438,4244008,1053620,44996,411.73,382.11,30.57,29.46,60.47,58.09,29.25,28.05,15.1,14.04
969,2022-09-17,95658973,4244622,1053654,45003,,,,,,,,,,
970,2022-09-18,95664434,4245082,1053676,45011,,,,,,,,,,
971,2022-09-19,95720232,4245666,1054074,45012,,,,,,,,,,
972,2022-09-20,95789524,4249798,1054513,45033,,,,,,,,,,
973,2022-09-21,95887962,4251898,1055506,45067,,,,,,,,,,
974,2022-09-22,95968951,4259383,1056169,45181,,,,,,,,,,
975,2022-09-23,96052249,4262446,1056596,45218,389.31,363.29,29.9,28.21,59.055,54.115,28.22,26.79,14.86,13.84
976,2022-09-24,96061974,4263179,1056648,45233,,,,,,,,,,
977,2022-09-25,96068686,4263800,1056666,45234,,,,,,,,,,
978,2022-09-26,96114280,4264425,1057036,45236,,,,,,,,,,
979,2022-09-27,96175293,4267612,1057484,45263,,,,,,,,,,
980,2022-09-28,96262133,4270276,1058788,45304,,,,,,,,,,
981,2022-09-29,96346507,4278430,1059481,45407,,,,,,,,,,
982,2022-09-30,96379914,4279316,1059799,45421,372.3,357.04,28.71,28.02,56.9,54.38,26.55,25.75,15.41,13.66
983,2022-10-01,96387812,4280161,1059834,45430,,,,,,,,,,
984,2022-10-02,96393577,4280759,1059850,45434,,,,,,,,,,
985,2022-10-03,96434868,4283165,1060143,45455,,,,,,,,,,
986,2022-10-04,96490066,4287508,1060647,45486,,,,,,,,,,
987,2022-10-05,96561318,4288593,1061714,45486,,,,,,,,,,
988,2022-10-06,96622066,4297151,1062299,45606,,,,,,,,,,
989,2022-10-07,96680272,4300442,1062699,45640,379.46,359.21,29.7,28.34,58.36,55.25,27.08,25.39,16.1,15.29
990,2022-10-08,96687992,4301375,1062749,45646,,,,,,,,,,
991,2022-10-09,96693509,4302006,1062760,45648,,,,,,,,,,
992,2022-10-10,96716447,4302719,1062897,45649,,,,,,,,,,
993,2022-10-11,96777139,4306156,1063506,45662,,,,,,,,,,
994,2022-10-12,96841762,4309992,1064276,45724,,,,,,,,,,
995,2022-10-13,96905115,4319103,1064937,45833,,,,,,,,,,
996,2022-10-14,96932030,4324361,1065200,45928,370.26,348.11,28.77,27.37,59.15,55.56,25.42,25.0,15.39,14.31
997,2022-10-15,96938015,4325384,1065242,45936,,,,,,,,,,
998,2022-10-16,96944698,4326086,1065252,45940,,,,,,,,,,
999,2022-10-17,96983485,4326726,1065588,45941,,,,,,,,,,
1000,2022-10-18,97027008,4330359,1066024,45978,,,,,,,,,,
1001,2022-10-19,97088349,4332828,1066781,46020,,,,,,,,,,
1002,2022-10-20,97145497,4341692,1067339,46170,,,,,,,,,,
1003,2022-10-21,97191451,4344504,1067920,46218,375.45,357.2808,29.01,28.43,58.78,56.65,26.04,25.0,15.06,14.34
1004,2022-10-22,97196830,4345265,1067943,46230,,,,,,,,,,
1005,2022-10-23,97205339,4345847,1067954,46232,,,,,,,,,,
1006,2022-10-24,97244523,4347202,1068164,46319,,,,,,,,,,
1007,2022-10-25,97288151,4351286,1068599,46354,,,,,,,,,,
1008,2022-10-26,97359630,4353606,1069736,46406,,,,,,,,,,
1009,2022-10-27,97418714,4362298,1070291,46563,,,,,,,,,,
1010,2022-10-28,97448909,4366909,1070483,46657,389.52,373.11,29.97,28.86,61.93,57.83,26.5,25.23,15.59,14.77
1011,2022-10-29,97457906,4367727,1070518,46669,,,,,,,,,,
1012,2022-10-30,97461191,4368284,1070527,46672,,,,,,,,,,
1013,2022-10-31,97505917,4368845,1070659,46674,,,,,,,,,,
1014,2022-11-01,97554667,4372182,1071102,46705,,,,,,,,,,
1015,2022-11-02,97628567,4374755,1071873,46747,,,,,,,,,,
1016,2022-11-03,97699033,4383367,1072466,46905,,,,,,,,,,
1017,2022-11-04,97737482,4384773,1072818,46931,390.39,368.79,30.31,29.36,62.69,60.6,26.74,25.9,15.37,13.91
1018,2022-11-05,97742586,4384773,1072849,46931,,,,,,,,,,
1019,2022-11-06,97750512,4384773,1072867,46931,,,,,,,,,,
1020,2022-11-07,97790818,4388506,1073000,46972,,,,,,,,,,
1021,2022-11-08,97821965,4391389,1073218,47030,,,,,,,,,,
1022,2022-11-09,97919104,4393414,1074185,47087,,,,,,,,,,
1023,2022-11-10,97985036,4401096,1074711,47240,,,,,,,,,,
1024,2022-11-11,97997940,4402177,1074761,47272,399.35,373.61,30.99,29.75,63.48,60.95,27.64,25.92,16.93,14.91
1025,2022-11-12,98002991,4402857,1074761,47281,,,,,,,,,,
1026,2022-11-13,98005380,4403371,1074769,47282,,,,,,,,,,
1027,2022-11-14,98055333,4403891,1075015,47284,,,,,,,,,,
1028,2022-11-15,98114810,4408841,1075408,47419,,,,,,,,,,
1029,2022-11-16,98199143,4411356,1076265,47517,,,,,,,,,,
1030,2022-11-17,98252697,4417357,1076720,47661,,,,,,,,,,
1031,2022-11-18,98307859,4418363,1077223,47682,402.31,390.14,30.98,30.46,63.32,61.24,27.34,26.77,16.92,16.05
1032,2022-11-19,98312508,4419028,1077239,47688,,,,,,,,,,
1033,2022-11-20,98316121,4419612,1077246,47688,,,,,,,,,,
1034,2022-11-21,98360106,4421434,1077448,47717,,,,,,,,,,
1035,2022-11-22,98415837,4422890,1078005,47741,,,,,,,,,,
1036,2022-11-23,98528624,4425570,1079031,47783,,,,,,,,,,
1037,2022-11-24,98544542,4427242,1079154,47850,,,,,,,,,,
1038,2022-11-25,98566341,4428546,1079294,47862,402.93,392.66,31.31,30.31,62.15,59.1,27.72,27.27,17.25,16.18
1039,2022-11-26,98569058,4428546,1079296,47862,,,,,,,,,,
1040,2022-11-27,98573468,4428546,1079296,47862,,,,,,,,,,
1041,2022-11-28,98633140,4430558,1079576,47923,,,,,,,,,,
1042,2022-11-29,98697622,4431111,1079969,47923,,,,,,,,,,
1043,2022-11-30,98807782,4432426,1080536,48002,,,,,,,,,,
1044,2022-12-01,98924207,4444843,1081147,48133,,,,,,,,,,
1045,2022-12-02,98962019,4444912,1081412,48133,410.0,393.3,31.55,30.81,62.11,59.8,28.06,27.2,18.02,16.47
1046,2022-12-03,98967906,4444912,1081431,48133,,,,,,,,,,
1047,2022-12-04,98972375,4444912,1081431,48133,,,,,,,,,,
